-3.263646071061913290e+00,-5.566742455263124612e+00,-9.950735209637883827e+00,-2.692954643845155260e+01,-3.853074277610721765e+01,-3.081740671201552573e+01,-1.287958598850300973e+01,6.464963303014030771e-01,1.528670156950863657e+01,2.605223487918496517e+01,3.504538320171717203e+01,2.719857824234384225e+01,-9.488403288282007964e-01,-1.353291662929905215e+00,-2.195822306962597281e+00,-6.325628918850206617e+00,-6.431150625591651959e+00,-4.813861762538330424e+00,-1.913302307252664036e+00,1.313544597605869058e-01,1.755311885130973693e+00,3.362214605432589209e+00,4.446996450065867634e+00,5.028350828094987790e+00,-2.387655548802649719e+01,2.669831526514826692e+01,1.686553062906750711e+01,-6.535293874409035197e+02,-1.074969881053424615e+03,-3.898307709407872608e+02,1.526961317581226467e+02,4.902251486736131483e+02,6.875421573505864217e+02,6.582194933645114361e+02,5.721141757386621975e+02,2.849020426767688150e+02,-3.945936846081770000e+01,-1.141210853530935765e+02,-2.476751356458421469e+02,-5.995941338024922516e+02,-3.925386787861452831e+02,-1.072373857142656561e+02,2.066039810402844523e+01,7.025592780011879768e+01,8.868297184009838929e+01,8.267465638217709056e+01,3.622260675295490273e+01
-9.136744471807830337e+00,-1.358507281329733019e+01,-1.888053354685069962e+01,-3.713134274713416971e+01,-4.240074865345192734e+01,-3.946583500874197625e+01,-2.825403132751634416e+01,-1.763411729776674974e+01,-3.563534042327205498e-01,1.899551869221529898e+01,3.763331185088360087e+01,3.474063569108301408e+01,-2.237515391293863232e+00,-3.112065848717433525e+00,-4.719570299696556503e+00,-9.825323818487177618e+00,-7.493239591651594367e+00,-6.305534117781022019e+00,-3.831166556746371299e+00,-2.822221026503623165e+00,-6.287589723652864393e-01,2.086159525538032966e+00,3.576672961800873907e+00,6.271162356833050566e+00,-2.699315452556834316e+02,-8.582952591980174475e+02,-1.113743369832769531e+03,-1.351372800703415123e+03,-9.289416672939732962e+02,-1.053377683645301659e+03,-9.796166958552039432e+02,-8.880986238388759375e+02,-4.987495116287464043e+02,-1.961076296284345517e+02,-1.234700092794882949e+02,-2.571301429881077638e+01,-1.276596966864275373e+02,-3.212064769690114190e+02,-4.640886796439922364e+02,-7.053863353821425335e+02,-3.590533071199602091e+02,-1.842102277939591204e+02,-1.192563118875320924e+02,-1.006870571401525467e+02,-5.055798331627590869e+01,2.238844391986890514e+01,1.493718172130357402e+01
-9.040819847904785433e+00,-1.532785080632953623e+01,-2.393913687848581162e+01,-5.314265482367312643e+01,-6.012813155641885032e+01,-4.774058169295079779e+01,-2.469151091300940948e+01,-7.892948331900385028e+00,1.190530591855460329e+01,3.093984565112171481e+01,5.233539090980552544e+01,5.125907669267867561e+01,-1.227413866579778912e+00,-2.086092134319210700e+00,-3.291038940445531580e+00,-8.179402490827598626e+00,-7.288636784925984102e+00,-5.855312957023802056e+00,-2.687877081287556535e+00,-4.063380602973900579e-01,1.737316129183588131e+00,3.794209490759174130e+00,5.347760772214698477e+00,8.388465288883688586e+00,-3.666904497583441298e+02,-1.451241025631319644e+03,-2.681430282070105022e+03,-5.587805907487563672e+03,-4.046999314042586775e+03,-2.191997215027182392e+03,-1.133308321995000369e+03,-7.859424618116190686e+02,-3.868950669004243537e+02,-1.613387824083010855e+02,-1.828357686956142061e+02,-1.533508382662225813e+02,-8.403676716007907999e+01,-2.357265870485866799e+02,-4.244994176083700950e+02,-8.618472044314985396e+02,-5.383386941909520829e+02,-2.293791454302254351e+02,-9.677745871851107040e+01,-7.439572976250315151e+01,-4.040810413957319724e+01,1.460734962832736983e+01,7.618528637627917988e+00
-1.332217730443332471e+00,-3.761910117284799071e-01,-1.581942316682784622e+00,-2.700553354150417817e+01,-5.053949605506582543e+01,-3.672779277439190082e+01,-9.689113183564387555e+00,7.123950183607178133e+00,2.548215787988007719e+01,4.867468995803949383e+01,7.699852736566573697e+01,7.903715895154032012e+01,-2.265834921145989611e+00,-3.006813468544258683e+00,-4.300983263155057301e+00,-1.093000310569463096e+01,-1.047777001361872706e+01,-7.409733476910027150e+00,-3.185573833114055731e+00,-8.511015794373513188e-01,2.287774067022118274e+00,4.962892437183691996e+00,7.424797269955917045e+00,1.231627638190280472e+01,8.168350424290701994e+01,6.122477102764387382e+02,9.412736724035421503e+02,3.932940077356761321e+00,-1.493625162858959811e+03,-3.574049213959169720e+02,5.811948106443705910e+02,9.530953959008038510e+02,1.082199105056686676e+03,1.000041534649959431e+03,9.757761633638683634e+02,5.890516991638564832e+02,-1.386291309865288213e+02,-3.303692584963698664e+02,-5.300690237166700172e+02,-1.047998154704058834e+03,-6.975193108857188236e+02,-2.609167106928671274e+02,-4.464144710159462193e+01,4.140238274041553268e+01,8.726570113304615006e+01,9.012129073097867149e+01,4.213379043022462156e+01
-8.282486608025863006e-01,-2.567180027232979000e+00,-6.014074521455171407e+00,-1.356080242306524042e+01,-2.122795619726093719e+01,-2.438040436990334570e+01,-1.516519781935218703e+01,-5.310692756740706955e+00,6.219283924451303847e+00,1.721712334095711583e+01,2.771689266321730827e+01,2.359922369939408782e+01,-1.208879344835553482e+00,-1.924629586645684398e+00,-2.950469956290142193e+00,-6.591410382429245374e+00,-5.293558145716882990e+00,-4.309964583667493798e+00,-2.730756680595906261e+00,-8.696862972167735961e-01,8.293903236245885324e-01,2.397575596913824825e+00,3.437601401038145710e+00,4.719954600012664869e+00,6.302838366713103824e+01,5.639359186643741850e+01,-1.270060443286893133e+02,-4.027822012304968666e+02,-2.222775478849544015e+02,-1.111698674710623891e+02,-1.825976494243877823e+01,2.270925467133383790e+01,9.889905181901667675e+01,1.242627268404039569e+02,8.852243867222296103e+01,3.299748796332187339e+01,-6.688528265009779261e+01,-2.083312893445331611e+02,-3.761325903692418251e+02,-6.674874401128327008e+02,-3.180035029006417062e+02,-1.002473024025139239e+02,-2.713803112919958949e+01,-1.146334752453753936e+01,5.997555279283233176e+00,3.406243309233775562e+01,1.776921212121652616e+01
-4.353349829013382077e+00,-6.408131314881245544e+00,-1.075537926164753344e+01,-2.920633513415822335e+01,-4.066966168057328446e+01,-3.388061900760601475e+01,-1.654196361219447908e+01,-4.976088067206774213e+00,5.366504853340643422e+00,1.702324282375396081e+01,2.982463414484296038e+01,3.231164829357055623e+01,-1.203156146142086769e+00,-1.625235555242074525e+00,-2.407930418171996934e+00,-7.256056732946390753e+00,-6.444257671153437173e+00,-4.660211850678027901e+00,-2.645578122425074952e+00,-8.303462282099580705e-01,8.940837145805691222e-01,2.874729621550484282e+00,4.298929633825444796e+00,6.479538727469384085e+00,-3.081605966687493492e+01,-5.213000636443211988e+01,-2.666164744653287926e+02,-1.343038073541771155e+03,-1.351396543208211369e+03,-4.432767489198995463e+02,6.610737744977086550e+01,3.773661036996563780e+02,6.812315792555782537e+02,7.432236343180611584e+02,6.628069399803971464e+02,3.109900831880613623e+02,-6.506114678106189331e+01,-1.764631774199222036e+02,-3.185096072972019101e+02,-6.513004385976037156e+02,-3.961681215083408460e+02,-1.251399248801972135e+02,-1.537252655418228642e+01,2.927155135399834762e+01,6.696105649404785254e+01,8.446428961068920671e+01,3.719629273423075233e+01
-9.081765047348227426e+00,-1.446155724104005458e+01,-2.275077134519543165e+01,-5.796173831080369609e+01,-7.060070090566645717e+01,-5.972531906543079572e+01,-3.335832713036060682e+01,-1.431710164470362656e+01,4.011434022708982639e+00,2.010770434651821859e+01,3.563458145704656488e+01,3.674531440176180297e+01,-2.044892111562548465e+00,-3.282787735120249906e+00,-4.755494901736962987e+00,-1.155346251299107507e+01,-1.087390410463178014e+01,-8.972481852506817290e+00,-4.791634084676118732e+00,-2.901867134546243676e+00,-5.684172730741625656e-01,2.085018879543184767e+00,3.201509517531167859e+00,6.010665803688370445e+00,-3.508485418592190399e+02,-1.352539421476720236e+03,-2.567170471801829990e+03,-5.872284620382895810e+03,-4.750242395179226151e+03,-2.837240632817751248e+03,-1.617661537068473990e+03,-1.302567109593799614e+03,-8.382127494291053154e+02,-4.884121004563876340e+02,-3.541076565356297579e+02,-1.959727153991902924e+02,-1.471065984249402163e+02,-3.955630049204958141e+02,-6.566507907442992291e+02,-1.247381134393471712e+03,-7.961974574916239362e+02,-3.911615746058946570e+02,-2.108976699803988595e+02,-1.764920707117285019e+02,-1.107103322704755328e+02,-1.546379555601924949e+01,-3.878543845791597278e+00
1.253818695985714271e+00,2.280389628911393629e+00,3.555317825217457539e+00,-1.507720597306274612e-01,-8.531599929626679568e+00,-7.614698845102253699e+00,5.569757915510820112e-01,7.984950931144169317e+00,2.081596991188783363e+01,3.811508539903661585e+01,6.170408438833025855e+01,5.830515147725931513e+01,-8.709060260906458240e-01,-1.184572190707868344e+00,-2.101946604579513433e+00,-4.983745815996094564e+00,-3.932961088160649155e+00,-2.735139533131608403e+00,-1.042519379693509052e+00,2.825917042329315620e-01,2.454361031210998689e+00,4.795310980292535774e+00,6.426411843752855901e+00,9.943696847692143237e+00,2.267949651347516919e+02,1.035903839442009485e+03,1.869052651530815638e+03,3.559267700597287330e+03,2.515632699854661041e+03,1.884787801916279932e+03,1.489333687601030761e+03,1.659609970675233853e+03,1.648127533773324103e+03,1.420190464569230244e+03,1.179595474490734887e+03,5.620683453687938709e+02,-3.888204383897493699e+01,-9.429944315810644184e+01,-1.737893556629474006e+02,-3.182582374050880389e+02,-9.811041591414641516e+01,7.236016541699996196e+01,1.165241291073662069e+02,1.611095428997073213e+02,1.644317370147336987e+02,1.195374931386128310e+02,4.835317489636918253e+01
-2.436609046426994496e+00,-6.646352090141135704e+00,-1.150410182536180059e+01,-2.631021630100951825e+01,-3.338026752807934372e+01,-2.864722683732097153e+01,-1.193911275980880760e+01,-2.352518093004761113e+00,1.136444080258166878e+01,2.562139700678034160e+01,4.370294737214602776e+01,4.359776889692555812e+01,-5.751331078636336969e-01,-1.351990063310321233e+00,-1.831123119433538449e+00,-5.025697199123534631e+00,-4.674770911229256143e+00,-4.040795933252208982e+00,-2.015180576814639579e+00,-1.983419654242659647e-01,1.533056462106445750e+00,3.530834401660756683e+00,5.042397987261907133e+00,8.037082451319632170e+00,6.588245237405362786e+01,7.170339886433976062e+01,-2.260156142480009294e+02,-1.065598385919067368e+03,-6.328218216204222699e+02,2.365899171743549232e+02,6.581212989208888757e+02,9.496841990498905943e+02,1.005093121930032794e+03,8.650574905337052769e+02,6.978372612620578366e+02,3.235172996620963204e+02,-2.324969201024100585e+01,-8.873555651307606240e+01,-2.171458553779816611e+02,-4.858740898840915179e+02,-2.381760373288111623e+02,-7.461033114967676738e+00,7.413549555028021132e+01,1.054340609064017826e+02,1.060595058349003921e+02,8.261702160606148482e+01,3.404400734661541605e+01
-1.121991088565816597e+01,-1.692032612923678414e+01,-2.073609225995429028e+01,-2.308735314505929637e+01,-1.233118245445530192e+01,-2.145178317493747500e+01,-2.580616971238097790e+01,-2.304107951372355956e+01,-1.233851720284110343e+01,4.025461914501704541e+00,2.206867082318493090e+01,2.436776894455648801e+01,-2.453497358872281708e+00,-3.597745690878866753e+00,-4.986269059203348064e+00,-8.652477948979509392e+00,-3.086923481967083660e+00,-2.881941888086295478e+00,-3.421167099584458526e+00,-3.488341088920609678e+00,-2.125351241917327272e+00,6.290510795407495692e-01,2.062519136443619061e+00,4.474350020234711067e+00,-3.669999385474880000e+02,-1.355958093166489562e+03,-1.837338904840260511e+03,-9.921282219187560258e+02,8.929699647126217315e+02,-2.930700638573580363e+02,-1.329481528280533894e+03,-1.840947828139864214e+03,-1.664912523736481489e+03,-1.310328176824657021e+03,-1.208841834431979805e+03,-6.829594765083702441e+02,-1.591937453218477003e+02,-4.145897261993463871e+02,-5.798401844955806155e+02,-7.041856106095747236e+02,-1.857951764896165514e+02,-1.233515737703037303e+02,-1.810973380995087609e+02,-2.301429695268461728e+02,-1.858978409925351798e+02,-6.435061007271929157e+01,-2.535127018546151589e+01
-1.016051818060856249e+01,-1.608910366218070465e+01,-2.168010570775163615e+01,-3.052985166087506741e+01,-2.297157249352511599e+01,-2.643502824015962460e+01,-2.310865403538588225e+01,-1.292925404336770612e+01,-1.676159705755793539e+00,9.142337958639828344e+00,1.845432065340060035e+01,1.479427950175596607e+01,-1.385730084166013398e+00,-2.339905128446297056e+00,-3.327298906029120928e+00,-5.651555200994380357e+00,-2.800762870252178516e+00,-2.297224881537957231e+00,-1.617697285968944243e+00,-1.196361920651369815e+00,-2.667376863306785140e-01,1.672105469022449498e+00,2.586869787775601282e+00,3.062092452055608760e+00,-3.012971191209676363e+02,-1.269464801128131512e+03,-2.092670361907439656e+03,-2.790891834499459947e+03,-8.079862250983933336e+02,-6.171483596392918116e+02,-8.061564977148445905e+02,-8.877673012103205110e+02,-7.448042393542855280e+02,-5.675455624819114746e+02,-4.995015223046939354e+02,-2.184695117218175255e+02,-7.284206565657382271e+01,-2.160936244879910646e+02,-3.445206187623193728e+02,-4.646499250390779707e+02,-1.018004742413781969e+02,-1.935184181809995607e+01,-4.965240961847757717e+01,-8.122619852982552402e+01,-7.357285533890535589e+01,-7.266256659267241957e+00,3.089304935845206046e+00
5.105380392255227662e+00,8.928965308603437734e+00,9.058784964428866715e+00,-6.427575860315016598e+00,-3.165700066360636811e+01,-2.568794633117516923e+01,-4.968997576849403686e+00,7.173568301627426536e+00,1.956126445641137934e+01,3.190337174121947328e+01,4.630335218387081397e+01,3.916186831745645236e+01,-5.632665250837476378e-02,1.027836345148500641e-01,-3.782007319104536691e-01,-4.232614825836257921e+00,-5.613871977464633289e+00,-3.786856266606154264e+00,-9.660759366766527023e-01,5.894720382404692316e-01,2.416686078976846730e+00,4.691856169671597243e+00,5.822376759446235894e+00,7.059626791415601232e+00,3.250643265279645675e+02,1.238948965817990029e+03,1.723136262527743384e+03,1.351685580238990951e+03,-5.031753595633090299e+02,6.311887263832795725e+01,7.271277930574924540e+02,1.139555455037781940e+03,1.325957214238402230e+03,1.272594751262302452e+03,1.166566256262863135e+03,5.952948560118661590e+02,1.829949871465828437e+01,3.498257414986892400e+01,-3.738883227376527429e+01,-3.369718579443951967e+02,-3.146520115500943575e+02,-7.352635416675275337e+01,5.832967524454056729e+01,1.144926403896442935e+02,1.334645610149573258e+02,1.211876527335111859e+02,5.548963502877609244e+01
-5.166736224326839988e+00,-1.023400556330027200e+01,-1.470319025009126790e+01,-2.413802276886474374e+01,-2.533753944819335402e+01,-2.884268747408890476e+01,-2.200819658232595089e+01,-1.215262555621447405e+01,-1.879461999097600255e-01,1.573534922775417044e+01,2.862712499265096255e+01,2.878220104179074212e+01,-1.682210453324165300e+00,-2.626024368029035827e+00,-3.745948256271699250e+00,-7.417195299439470091e+00,-4.525381546575037106e+00,-4.126657912061354239e+00,-2.905392935329924597e+00,-1.481810161540867199e+00,-9.622333497911128575e-02,2.023367627715211725e+00,3.572962386143485602e+00,5.389945166992818670e+00,-1.218866388236911007e+02,-6.600506723467387928e+02,-1.223502284498168592e+03,-1.747783571431020391e+03,-6.022224952650431078e+02,-5.682419796550766478e+02,-6.393241810528616043e+02,-5.773873709546169266e+02,-3.603276960777293425e+02,-2.125023869583146734e+02,-1.757675167732695627e+02,-6.477838497240554716e+01,-9.410580213928551530e+01,-2.722581183702275212e+02,-4.343414912706680298e+02,-6.447595122532493406e+02,-2.455515282435562767e+02,-8.920275774079755138e+01,-6.233832303256258456e+01,-5.806668317911930899e+01,-3.534626891958157557e+01,1.845803294830704999e+01,1.368185425188502791e+01
9.034844685719463087e-01,-1.047785280603619640e+00,-2.844218405064680155e-02,8.052870061892576814e+00,1.039615790406628548e+01,-1.119961593140118339e+00,-3.620813677501217853e+00,-1.095844851590271674e+00,9.549891982515759992e+00,2.376545546790035246e+01,3.998277892892095053e+01,4.361393718578419509e+01,-3.823285602802020122e-01,-8.080734134743323693e-01,-1.074812921814142896e+00,-1.521756645048597534e+00,-2.911930373279218998e-01,-3.056768169662795742e-01,-8.765037883617701198e-01,-1.298814195617410405e-01,1.207751288129825795e+00,2.914372778514872309e+00,4.663995958175856771e+00,7.175130605806790740e+00,8.724960428776330446e+01,3.173792890082913800e+02,7.007728096571008791e+02,2.540068138616006763e+03,3.065772845770388813e+03,2.011474057095869284e+03,9.873491533219639678e+02,8.424634031157365825e+02,8.737996929649361846e+02,8.248046457341806672e+02,7.160264872962434310e+02,3.754046413677951932e+02,-1.289872166664656561e+01,-5.452034376848496322e+01,-1.085370234067049751e+02,-8.466345865171115292e+01,1.619004045634765134e+02,1.819810730479255199e+02,1.069968439470446810e+02,8.944692786194150358e+01,8.762118926529160490e+01,8.464410805662384973e+01,3.886228690417328835e+01
-5.173593805080116681e-01,-9.783197959795018050e-01,-2.421558214016215516e+00,-1.950226552640077671e+01,-3.692892513875790428e+01,-3.118896553606367661e+01,-1.305873548076360180e+01,-1.884669032872352545e-01,1.162438329113945201e+01,2.507914209688243545e+01,4.345534409674591814e+01,3.987651366956936272e+01,-2.078432809927997837e+00,-2.623185354619007370e+00,-4.237464334138959288e+00,-1.025967185904234924e+01,-8.328583078062145262e+00,-6.340851618724308025e+00,-3.159175707954993584e+00,-1.161320690994191551e+00,9.861706918071764250e-01,3.307094671086678872e+00,5.190901559950866329e+00,6.961953745256197479e+00,1.198393132749351935e+02,4.003162047079895274e+02,4.167467879805008124e+02,-3.052507422311900882e+02,-1.019604059414166841e+03,-5.155717488508071256e+02,5.825771110945061082e+01,3.343550254290148587e+02,3.923795004440707999e+02,2.791263827769998898e+02,1.563900307195772257e+02,3.704672452089744183e+01,-1.226780226260575546e+02,-3.178471747508031058e+02,-5.096917080789371539e+02,-9.297977236686238030e+02,-5.512092226905283496e+02,-2.199504611498305167e+02,-6.061665529465085456e+01,4.139194722940828797e-01,2.819952746955618750e+01,3.940252475048089309e+01,1.712804644741186166e+01
-6.520443220501135784e+00,-1.071551102690985147e+01,-1.527662489675412871e+01,-2.766220719219063540e+01,-2.846984853296916640e+01,-2.484795855363529427e+01,-9.651004088601666808e+00,5.698243184017030671e+00,2.137012476748364520e+01,3.455200990011391582e+01,4.943136970234125727e+01,4.442391444434763059e+01,-9.304595743766093108e-01,-1.025638535853566680e+00,-1.501381655977667151e+00,-4.155847379929802798e+00,-3.073917652298845837e+00,-2.109926653865681345e+00,-9.206040688225698432e-01,1.010484461679848067e+00,3.042645254534205534e+00,4.791021245985005450e+00,5.941230455960393897e+00,7.832761595060402371e+00,-1.514587760253884881e+02,-7.262342388826182287e+02,-1.464108482141746208e+03,-2.634273148096304794e+03,-1.085802349239525938e+03,4.408546045991897699e+01,4.843057127062729705e+02,9.700489987935688987e+02,1.215665084929192744e+03,1.140147904945022674e+03,9.938621430158345902e+02,5.512433456639514588e+02,-4.886672117586442710e+01,-1.395205378384880532e+02,-2.566538907556982849e+02,-4.477789943497646163e+02,-1.523036806708937547e+02,2.887654755824723907e+01,8.066202326462007477e+01,1.213352324357636007e+02,1.300941636975351230e+02,1.177330587559129071e+02,5.312955171787109521e+01
3.904045725504943221e-01,9.928916919632797544e-01,-9.842901450284102793e-02,-1.071780145908547865e+01,-2.513645770959391257e+01,-2.751967776543912692e+01,-1.716997180920566279e+01,-7.296908829812707609e+00,3.819165336782077702e-01,1.209274992816791894e+01,2.071894278666144373e+01,2.102223933742648398e+01,-1.505600761290452283e+00,-2.074917710619942568e+00,-3.252606608652698128e+00,-7.763935960795485869e+00,-6.658927167745769538e+00,-5.226545826341254752e+00,-3.234652104566400510e+00,-1.816824902305334888e+00,-2.118482927124833992e-01,1.964234869912832693e+00,3.038516969208227891e+00,4.398028758949831030e+00,1.255542300439251449e+02,4.357893072835831845e+02,6.406743648476076487e+02,7.797385424899766804e+02,-7.572998460014787270e+00,-3.093166722535097506e+02,-2.862956096650195832e+02,-2.301388883299132431e+02,-5.759970028441966861e+01,3.978876454704914067e+01,6.456476059855049243e+00,-7.365356722877777429e+01,-8.266530353421831023e+01,-2.301978703882734862e+02,-3.921037739498733572e+02,-7.102368668387534854e+02,-3.910312266904502394e+02,-1.606601640359810972e+02,-7.519079521004778144e+01,-5.019048776944396195e+01,-1.316648484693769205e+01,3.426075114362038221e+01,1.650068160430700459e+01
-7.664119399545811007e+00,-1.402552896198311316e+01,-2.302971206419397276e+01,-5.225944350507347735e+01,-6.046489936085345107e+01,-5.086099193373337357e+01,-2.784243142477433253e+01,-1.232064056294194643e+01,-2.786818294431157028e-01,9.305188233647939455e+00,1.944975967359324898e+01,1.976336828721197492e+01,-1.171607436729976470e+00,-2.148234110763578286e+00,-3.451949974216375949e+00,-8.786431099360704877e+00,-7.779838233609272180e+00,-6.037295069653140445e+00,-2.884415852360955768e+00,-1.302159445706614349e+00,1.222946519035250645e-01,2.047667460421585872e+00,2.533263185879340185e+00,4.018128464781909770e+00,-2.945172608482566829e+02,-1.102535952536980403e+03,-1.957639232551169698e+03,-4.161702558261880768e+03,-3.318172769903692824e+03,-1.998493584939529683e+03,-1.111313866394708384e+03,-7.823502137973136996e+02,-4.189461615890340909e+02,-2.101707619035250900e+02,-1.601259905577780955e+02,-1.152379884174415565e+02,-8.517522656183280105e+01,-2.403386063296488828e+02,-4.295525635555877670e+02,-8.727822162692282291e+02,-5.664733236228639726e+02,-2.648530224142298266e+02,-1.242519852503284028e+02,-8.565585963888406695e+01,-3.939703343432881866e+01,2.129301141618122983e+01,1.163877988045933876e+01
-7.025266363031164474e+00,-1.150019753235456221e+01,-1.666664014033190711e+01,-4.276143262109934540e+01,-5.934830567284589620e+01,-5.462747895975257961e+01,-3.245207890838221942e+01,-1.290998139292437941e+01,3.368798115763894430e+00,1.666679483757391722e+01,3.380767152168870382e+01,3.304483373109306399e+01,-1.557393139686547912e+00,-2.046699036868890431e+00,-3.376371715669783669e+00,-9.309887818943522575e+00,-9.020133548247702748e+00,-7.889398755548587161e+00,-4.673491317804643330e+00,-2.117078387145745921e+00,4.750729473179209350e-01,3.027625813338282512e+00,4.777318756217333373e+00,6.145765312950024040e+00,-2.256128075868259657e+02,-5.318582750828481949e+02,-6.503720928154361900e+02,-1.866936707312255749e+03,-2.471431838698372303e+03,-1.860306440166890752e+03,-8.969148640695839276e+02,-3.866547854346208624e+02,5.283277271567749267e+01,2.211529681688098208e+02,1.926101511429151287e+02,2.930297958359733457e+01,-1.063640921650727478e+02,-2.608984372720422016e+02,-4.261804947850741883e+02,-8.713604857424452348e+02,-6.173143805604900081e+02,-3.175627700150782857e+02,-1.330698409139947671e+02,-5.365231774102198870e+01,8.876606709326551936e+00,4.876043212207025590e+01,2.075851892268585175e+01
-9.068357075768034292e-01,-1.729821229962141160e+00,-3.413693656849659419e+00,-7.759619351482740512e+00,-1.306106805105179092e+01,-1.425876685288250201e+01,-4.439112354645772029e+00,9.555218642653500183e+00,2.275258215390962846e+01,3.529457826019401523e+01,4.682641376528791000e+01,4.374744073360947993e+01,-7.008046133797112276e-01,-1.171985719135488324e+00,-1.788582834025103097e+00,-3.935053511301944695e+00,-2.936674936715284900e+00,-1.794577122648473022e+00,-7.042964323158322770e-01,1.087310696037910418e+00,2.613301688443124604e+00,4.556921461367226200e+00,5.471127702064762843e+00,7.827372017099593293e+00,3.754389100900243648e+01,1.414235282046302018e+02,1.980348921376207727e+02,2.996160588766579167e+02,4.074461319914626074e+02,5.726861301349472342e+02,6.670875235806470300e+02,1.035360209325132018e+03,1.254248785573436180e+03,1.239345247853156252e+03,1.225931701470223743e+03,7.975088732947474455e+02,-3.282857716749788324e+01,-9.484181848412686122e+01,-1.949548361518322963e+02,-3.852998563828978149e+02,-1.526368909430984786e+02,2.854170810334130692e+01,8.737804029199628530e+01,1.298353794569929960e+02,1.392309680422226847e+02,1.298566193835454214e+02,6.413589962447537118e+01
-1.493856359452649940e-01,-9.516756473896919033e-01,-5.705232435632183297e+00,-2.812562984818487166e+01,-4.479278381844676460e+01,-3.737697265148705128e+01,-1.960829301985111783e+01,-9.585506310246017847e+00,3.420242024273221659e+00,1.298792817756267937e+01,2.528190438547987640e+01,2.032581839567480131e+01,-2.916334455165223716e-01,-4.894198404654517276e-01,-1.221928982000026309e+00,-4.718468657606862848e+00,-5.421016497541888413e+00,-4.203297184855305346e+00,-1.561431059910333374e+00,-5.030147459522318343e-01,4.643063903160804529e-01,1.772776666612619678e+00,2.703763768879595020e+00,3.918075296079635450e+00,8.188146678222938135e+01,1.398700780453018524e+02,-2.944472737396827142e+02,-2.127787164073029999e+03,-2.116589916018769145e+03,-7.086992625296024926e+02,9.895066931533983734e+01,4.458371979633884621e+02,6.717235381446844258e+02,6.895918809610957396e+02,6.401741237069081762e+02,3.917457084432053307e+02,1.166862968382531562e+01,8.722604903450701386e+00,-8.431595482051261570e+01,-3.678185203517305126e+02,-2.776192503963015952e+02,-4.391710978727292058e+01,5.523732256907533156e+01,7.672179088681605208e+01,8.290310004140292222e+01,8.827519960057668413e+01,4.153387448062576937e+01
9.772502630571153759e+00,1.368136784328433464e+01,2.060232106229287297e+01,4.167948506206744241e+01,3.519407022337009039e+01,1.900885046453163341e+01,1.624611738499623925e+01,2.401682435734912247e+01,4.201896281298010649e+01,6.221839798296525714e+01,8.673769010125518264e+01,7.675929252886199095e+01,-3.927617832345617899e-01,-7.451336376606292333e-01,-1.012915165575211773e+00,-9.178286581402801403e-01,-1.780599425675433167e-02,-1.038420177876879791e-01,4.947028856597448510e-01,2.191153595859255176e+00,4.417460053563631917e+00,6.736223434478143091e+00,9.072034389636037588e+00,1.192173989089359587e+01,4.543847475160996510e+02,1.603464854403075151e+03,2.860297302746166679e+03,6.556531369696196634e+03,5.412323982579793665e+03,3.215305342288849715e+03,2.023908492246857350e+03,2.118089224676679805e+03,2.084674106229707832e+03,1.880429445835299703e+03,1.768288475229316646e+03,1.083702401792075307e+03,-7.997001866161895123e+00,-5.019376890663943414e+01,-9.816005395031470471e+01,-5.486014611268092267e+01,1.842252893034428780e+02,2.181598386311891318e+02,1.831200742965104382e+02,2.196609556820171747e+02,2.151126677786276105e+02,1.628622224780618808e+02,7.371677733647283048e+01
8.554992548354505288e-01,1.782479747036461504e+00,-9.021724767770535891e-01,-2.861531767871429111e+01,-5.505214805656811450e+01,-4.511350597043494304e+01,-2.208212674715807111e+01,-9.866439894012927425e+00,4.634322681690690615e+00,2.145309317862188436e+01,3.650167983424010743e+01,3.333834854622779176e+01,-6.293356568118486649e-01,-1.290210171472697454e+00,-2.883561613086651931e+00,-8.705157118777378855e+00,-8.991316676450725964e+00,-7.246941150834892653e+00,-3.440435217130382028e+00,-2.185794473857811226e+00,-3.103308224186722697e-01,2.007148135103436815e+00,3.567066732070859558e+00,5.474735316093452653e+00,1.714192119429849299e+02,7.468431076031502016e+02,1.003579788750652369e+03,-1.066397023976969649e+02,-1.856803200262213068e+03,-1.076436839164229241e+03,-2.100184421138383186e+02,1.326083934832804516e+02,4.144509069794949028e+02,5.087359120788296423e+02,5.348378677383334434e+02,4.108556747423958768e+02,-1.865056600953550969e+01,-4.755278608612388780e+01,-1.438433573562833772e+02,-5.133454326188530104e+02,-4.752089015471624407e+02,-2.056995032524152975e+02,-5.362338610318647625e+01,-4.688157636828464092e+00,3.382254046708703754e+01,6.119286130813588898e+01,3.408525932878356457e+01
3.228865197103516493e+00,1.827810714614059862e+00,-6.403398755005582643e-01,-4.252373477236972121e+00,-9.121225939790861048e+00,-6.301187565671142465e+00,6.553160064434820242e+00,2.039827005654433378e+01,3.683035198543541355e+01,4.787498526158961454e+01,6.641644351021467685e+01,5.247207184282761716e+01,-1.136103491768448492e+00,-1.557183280723457131e+00,-2.627953228059670465e+00,-5.997066740844672950e+00,-4.199098320366665860e+00,-2.323212482227592801e+00,-6.159357383154073773e-02,2.451083547238965821e+00,4.448173703437378279e+00,5.726215190979933922e+00,7.403714670779777407e+00,8.457413288390918993e+00,2.188403416530350114e+02,6.071671865119951690e+02,6.929831000050944567e+02,1.040027782050005044e+03,1.205014766035317734e+03,1.472407589342055871e+03,1.579959705897459571e+03,2.075727396554404550e+03,2.181256125616586360e+03,1.938255997040840157e+03,1.763494914692631028e+03,9.899299651842588901e+02,-6.183752040698550445e+01,-1.956718905694838213e+02,-3.625725014483268751e+02,-6.274934831933314854e+02,-2.243628939209620512e+02,5.221517978275323912e+01,1.521410980392033707e+02,2.307255533848986033e+02,2.350144779536965416e+02,1.668012449462275981e+02,7.227710490785244701e+01
1.064362678927247430e+01,1.411762312644927420e+01,2.187758806985030446e+01,5.401840956869898491e+01,5.804565381301881644e+01,3.531742838824311548e+01,2.254360532222906954e+01,2.340837338738680273e+01,3.358998024466924903e+01,4.421843056571012198e+01,5.790524566034052611e+01,4.531882975374176681e+01,4.803018771661058395e-01,4.190410750910267268e-01,3.783783741887489782e-01,2.373381588633613148e+00,5.215022028444899149e+00,4.066867545734911715e+00,1.857057079642725483e+00,2.396823070363971908e+00,3.852173397373830355e+00,5.746431307599921823e+00,6.879976496018578302e+00,7.880303892362293894e+00,5.366956506912069926e+02,1.920683068541589819e+03,3.460040098026740452e+03,8.238406235519963957e+03,7.324009921969081915e+03,4.487920456475347237e+03,2.598451459602472823e+03,2.567000604482002018e+03,2.470317876968432756e+03,2.161721022271023685e+03,1.860420383469930130e+03,9.601137559516478177e+02,4.391908317172953957e+01,8.320012184293364044e+01,1.003519788618714301e+02,3.277461464802399860e+02,4.869566455702929488e+02,3.851116743841982952e+02,2.598271866245661386e+02,2.801280436862928127e+02,2.628761813337839612e+02,1.864689779841131667e+02,8.065065379915080257e+01
-1.369622003402005816e+01,-2.086191372874721139e+01,-2.875945121671830407e+01,-5.187509910498425825e+01,-5.242929024123839099e+01,-4.830823155859573603e+01,-3.457535238802961430e+01,-2.294126353198402057e+01,-8.036261192972247613e+00,8.923967692737733159e+00,2.326631202519011765e+01,2.639065083802344702e+01,-2.640747972223833173e+00,-3.812848087885853943e+00,-5.337358421728367830e+00,-1.116385412548655154e+01,-8.742559207695212109e+00,-7.094823392257339378e+00,-4.601181196777876181e+00,-3.600234066738178029e+00,-1.531276802685159311e+00,1.013519287542788305e+00,2.395253685683528033e+00,4.610811063164844015e+00,-5.217587854989214975e+02,-1.843192608137820571e+03,-2.775397886398335686e+03,-4.088222603559377603e+03,-2.285258904878483008e+03,-1.597138184125404223e+03,-1.285713033253390677e+03,-1.274084646273888211e+03,-9.552302869869126880e+02,-6.291818290212549982e+02,-4.469348381446052372e+02,-2.005462080401530329e+02,-1.787784713153819212e+02,-4.559036789525873701e+02,-6.771340745794273062e+02,-1.059011133109761431e+03,-5.428702204094984154e+02,-2.539045191710285962e+02,-1.594605957715532440e+02,-1.507956929057415891e+02,-1.005963236776453869e+02,-9.742973141636866785e+00,4.466953923503012902e+00
-1.051062731349975365e+01,-1.514966858947116179e+01,-2.056603889550063968e+01,-5.280716527125304083e+01,-6.524176175449846937e+01,-5.103554739974876497e+01,-2.581685013312355181e+01,-9.401612070396765830e+00,4.510915611298003114e+00,2.615916805206379081e+01,4.925643839779219491e+01,5.275683325791375466e+01,-2.557822946492786187e+00,-3.546498895429264664e+00,-5.479924886795096484e+00,-1.202968240952459666e+01,-1.061744301634924881e+01,-8.081284374213360877e+00,-3.828579833183795245e+00,-2.390206982979400152e+00,3.111648968398359472e-01,3.204277969516644120e+00,5.322463127840599384e+00,8.945971607361725475e+00,-3.291638742333739174e+02,-1.015861944657657659e+03,-1.583552504842442431e+03,-3.448488179158019193e+03,-3.164562697835608560e+03,-1.779406438978228834e+03,-7.618229885072942125e+02,-4.290941852179585112e+02,-1.449362196989241056e+02,-1.159384901732846629e+01,5.231765090959834197e+01,1.333500086155654571e+02,-1.789600000016150716e+02,-4.302418688465252217e+02,-6.360897153884188810e+02,-1.113643784426336424e+03,-7.032443577274625568e+02,-3.247922168563720788e+02,-1.375490128881043574e+02,-7.955163388392497836e+01,-2.529288584846892718e+01,3.478568038430739762e+01,2.310355548878038690e+01
1.551974012675572112e+00,-2.516995834795920928e-01,-1.444469309244453825e+00,-1.136320214248860339e+01,-2.118594828791145801e+01,-1.650701519770149162e+01,2.025011411689376928e+00,2.083560998796389185e+01,3.280550190329958582e+01,4.629039307618992893e+01,6.135612070349755243e+01,5.016182074669724500e+01,-7.462983281513846379e-01,-1.278752317626391743e+00,-2.264269878666230085e+00,-6.624864553966638425e+00,-5.622772241381454705e+00,-3.214379060489239492e+00,-9.695339558958835369e-01,1.378194897485066406e+00,3.821387611124132277e+00,5.692909214174816768e+00,6.586509904417191308e+00,8.585275820516271139e+00,1.618329768039770897e+02,5.029910891500148864e+02,5.403354628748675168e+02,1.969689777247403981e+02,1.011235668327208259e+01,7.554564680689272791e+02,1.288158694360141453e+03,1.914436678638670855e+03,2.116274947349249487e+03,1.925295298743531021e+03,1.772109616965334681e+03,1.011491522089947011e+03,-6.171341093237629138e+01,-2.003555853801854028e+02,-3.993436096162995455e+02,-7.989096902854862492e+02,-4.245344723701073235e+02,-8.879093539927021084e+01,6.924170928640160128e+01,1.745075635666862581e+02,2.093458371718058970e+02,1.639181051488849334e+02,7.444584294285817805e+01
-1.446918410388400389e+01,-2.106650043694263275e+01,-2.847793835476826985e+01,-5.248468180085228596e+01,-5.328018401456660058e+01,-4.652084604137692736e+01,-3.402823694042817237e+01,-2.226305801151721653e+01,-9.622626382518802757e+00,3.352209213072072203e+00,1.135219594113753772e+01,1.310700406056028555e+01,-3.040724161769279732e+00,-4.426892836263620623e+00,-6.094871665336690114e+00,-1.237436981143721937e+01,-9.486431406721642645e+00,-7.258526083608838775e+00,-4.488696585773269021e+00,-3.619218634784616029e+00,-1.828895140307894351e+00,3.722783229532584670e-01,1.260755492723287574e+00,2.730683287172260165e+00,-4.895066526986979625e+02,-1.764753703489010149e+03,-2.840486915595793107e+03,-4.628870157465440570e+03,-2.704055943276602193e+03,-1.809390956322813508e+03,-1.525584679788347785e+03,-1.626923360750566644e+03,-1.337005494353206814e+03,-9.785653847634766862e+02,-8.062501565344673509e+02,-4.120514315161758532e+02,-2.179676391578345829e+02,-5.490229262700224808e+02,-7.971505860337942977e+02,-1.201106709541568762e+03,-5.861596434860034606e+02,-2.723829429431680182e+02,-1.889113136467666436e+02,-1.980656787327651500e+02,-1.499046334499485056e+02,-3.801295289592547988e+01,-1.117613304372318339e+01
-4.927733893740679605e+00,-8.306491231476158532e+00,-1.297266594603163981e+01,-2.916785157211489832e+01,-3.439809065479047945e+01,-2.465227716010485892e+01,-7.149563589487542004e+00,6.712656242994853528e+00,1.957749520552602007e+01,3.170062276120467004e+01,4.755072376146431168e+01,4.659125944888826609e+01,-1.417226311473879008e+00,-2.145622814934547762e+00,-3.236125831946669251e+00,-7.758651226707364401e+00,-6.211969462151781585e+00,-4.323473948684132040e+00,-1.929384019004928064e+00,2.644335113339941756e-01,2.509554935478051974e+00,4.195626021310063791e+00,5.540023331051127542e+00,8.351694522259807130e+00,-1.218372227221971116e+02,-4.202187762050161837e+02,-8.168582637608960795e+02,-1.966954792275973887e+03,-1.370571360587113304e+03,-2.344184271506310324e+02,2.737178754651013151e+02,6.209729256449027162e+02,8.408459803526238829e+02,8.280299671473858325e+02,7.061513625012212287e+02,2.890260706224330534e+02,-8.891335363305574901e+01,-2.530438449041230342e+02,-4.521987176932980219e+02,-8.680926179356802095e+02,-4.733272446839978329e+02,-1.323043056878468633e+02,-3.863480968422891237e+00,5.091679498458938724e+01,8.051145788118833480e+01,7.976306363927642451e+01,3.121549196217372923e+01
-9.892133882693997293e+00,-1.448608178340271024e+01,-1.965417155387007142e+01,-3.606803900205210311e+01,-4.081690801637265054e+01,-4.376782776907072048e+01,-3.059165045615637268e+01,-1.555278736462835809e+01,-6.771460052263194029e-01,1.570513475142686843e+01,2.833078347632947214e+01,2.555700433550130413e+01,-1.977581926793819278e+00,-3.364526044329290144e+00,-4.872721693007321164e+00,-9.225662511701621327e+00,-7.077454029668118096e+00,-6.328323546951828860e+00,-3.834546239365590026e+00,-2.563658286120624297e+00,-9.253928233426531591e-01,1.816466802613931009e+00,3.100099259756882830e+00,4.314538724601186814e+00,-3.393002514257668736e+02,-1.266288743063765651e+03,-1.939199253457412851e+03,-2.820529790036518534e+03,-1.734757242953237437e+03,-1.722475566376422648e+03,-1.503368901387662845e+03,-1.448340803019475061e+03,-1.191483726859201852e+03,-9.116920689331973335e+02,-7.735075791833533003e+02,-3.366718238403909709e+02,-1.383085255754432410e+02,-3.768002947226123069e+02,-5.828179621137028334e+02,-9.283206823773098222e+02,-4.734526257437191816e+02,-2.574571612615741287e+02,-1.755277717897035927e+02,-1.639073780425458153e+02,-1.221921906776118476e+02,-2.824200216284179987e+01,-5.026862116209230180e+00
-6.162980656915536315e+00,-8.936856013141124322e+00,-1.451118220814709048e+01,-4.397553113806935698e+01,-6.057541894806377059e+01,-5.019153299625284603e+01,-2.627212721629851444e+01,-9.931286451001909654e+00,1.282535935731709742e+01,3.433667648423607943e+01,5.695282705500635245e+01,6.137041109592512100e+01,-1.674675924382260206e+00,-2.136806385131034602e+00,-3.132106059706963208e+00,-8.876484995071443507e+00,-9.178565778701788247e+00,-7.277321995073954497e+00,-3.416399317309316785e+00,-1.075612907260644846e+00,1.197574933807056041e+00,3.731787803377594415e+00,5.968964821350265737e+00,9.591123968796670951e+00,-1.570045066951884110e+02,-5.271670217302362289e+02,-1.164569154914461251e+03,-3.636339808358432492e+03,-3.521342884470661375e+03,-1.935700275559247530e+03,-8.357765046602125949e+02,-4.592033224176266231e+02,-7.298046742473343329e+01,1.600984983528078374e+02,2.955113603078461892e+02,2.652102706599807789e+02,-9.227623109404578372e+01,-2.360307292595657600e+02,-4.162545610283482347e+02,-8.813641033865242207e+02,-6.098341443526960575e+02,-2.689351112536860455e+02,-1.043776077769382482e+02,-5.842829055564129703e+01,-8.952564880336922215e+00,4.592598806645651166e+01,2.494104025351558107e+01
5.473542660606966592e+00,6.480615220243521435e+00,8.842464629177669622e+00,1.301726823014712409e+01,3.392387258648795978e+00,-1.677366410285344500e+00,4.016302974344995391e+00,1.112517169657414229e+01,2.323530874553878789e+01,3.697459551901624764e+01,5.706915839982487171e+01,4.540359853704835302e+01,-1.254837827035077069e+00,-2.023909993107437799e+00,-3.089034713521375153e+00,-5.862012680925921870e+00,-4.273708802681635888e+00,-3.059510774815080936e+00,-1.099477212351246180e+00,3.291811906124202380e-01,2.423395356528542877e+00,4.476364023455429830e+00,6.146822534308046926e+00,7.819945799241198259e+00,3.503591029681906548e+02,1.336879265711375410e+03,2.338413356596131052e+03,4.753542528926125669e+03,3.523682456151589577e+03,2.175326441867980975e+03,1.524577395562646416e+03,1.655189950693138599e+03,1.575569955589939127e+03,1.332302082138383412e+03,1.163148477879572056e+03,6.172086690119417653e+02,-7.434396741650414242e+01,-2.010072487300233206e+02,-3.230394296606259559e+02,-4.793747572565343944e+02,-1.344572217255263240e+02,4.617583136207531425e+01,9.946702676365475781e+01,1.558481267298716375e+02,1.625399936097091995e+02,1.193202380064601584e+02,5.290148191718645876e+01
-4.680054876990382695e+00,-5.509279065128040997e+00,-7.930805100001634855e+00,-2.308923795410987623e+01,-3.563241526118682145e+01,-3.573927536515441261e+01,-2.103889574262831275e+01,-1.051948354547226927e+01,-1.720333738146365476e+00,7.070505244630680863e+00,1.260679893286447850e+01,1.099762351529827242e+01,-1.709862577397670336e+00,-2.295523819303323165e+00,-3.481167494101082838e+00,-8.420962810296302337e+00,-7.117304065449506112e+00,-5.791338868540961471e+00,-3.118734155078591641e+00,-1.906074054009994967e+00,-3.061262226292740252e-01,1.236256854035469033e+00,1.804976464670389191e+00,3.188059805551299419e+00,-3.329347039223057436e+01,-3.171918316695882822e+01,-2.111823690258825081e+01,-3.659917919848085148e+02,-7.501763149734906619e+02,-5.872665274837854668e+02,-2.600720048157836572e+02,-1.391163990506993287e+02,-3.093447071564150974e+01,1.777003538173448760e+01,-7.069448677230138856e+01,-1.520025367313974130e+02,-1.034300449588149604e+02,-2.662611592424175342e+02,-4.155777150986796187e+02,-7.234720072994978182e+02,-4.176012717072926534e+02,-1.891945415462193978e+02,-8.512439265742295902e+01,-5.387413452893474641e+01,-2.419573285785270400e+01,1.874142388980692431e+01,7.490013270800460532e+00
-6.127045274014946585e+00,-8.811062493132098439e+00,-1.474302101543790400e+01,-4.089915335679222608e+01,-5.339938936849432594e+01,-4.350216521853943163e+01,-2.222407895739866035e+01,-9.319453563652331241e+00,6.753635118892049150e+00,2.197306006619413665e+01,4.085511284142471311e+01,3.829458584325016091e+01,-1.163223462391652419e+00,-1.715369617371582223e+00,-3.000135195667652965e+00,-8.235465301133821470e+00,-7.812965285648740377e+00,-6.048504074080558013e+00,-2.948510840753421292e+00,-1.345599015487870531e+00,6.956413021019383081e-01,2.757345389185845264e+00,4.325291540668242618e+00,6.523747572806980699e+00,-1.753736652372581375e+02,-5.076885048339281639e+02,-8.558666357377223903e+02,-2.332817473452509148e+03,-2.313848591246023716e+03,-1.333800611040951480e+03,-6.445879224349100696e+02,-4.065348602466638113e+02,-1.150502319084698684e+02,3.344527482295779919e+01,6.520180490451457445e+01,4.373742742095146241e+01,-7.092920488155073144e+01,-1.824326588469887156e+02,-3.292625011113645996e+02,-7.190513073170786811e+02,-4.995754410346407894e+02,-2.204303303093784052e+02,-9.022439383972323412e+01,-5.441524781803582300e+01,-1.272246148360159168e+01,3.443259221569314832e+01,1.966279331604803815e+01
1.955418518003227746e+00,1.966560091737846960e+00,-1.510279359219254047e+00,-1.873624953140591742e+01,-3.723818401717517190e+01,-2.929327911137002616e+01,-1.154327197780415304e+01,-3.648268842786990263e-01,1.305738444637810858e+01,2.645119869795271939e+01,4.458791666731453063e+01,3.811901102461453661e+01,-9.468453413970365773e-01,-1.453160573353994067e+00,-2.503274238166675048e+00,-6.985657685596933675e+00,-7.212284487917244746e+00,-5.299403051529182562e+00,-2.310195158207434929e+00,-1.014389003571380954e-02,1.503409661387712148e+00,3.671183227842020003e+00,5.138303550904510075e+00,6.845166225723330555e+00,1.771185398362267733e+02,5.759662101010471815e+02,5.212831791942153359e+02,-5.846705243374235579e+02,-1.291651853815885261e+03,-3.043209805103306280e+02,3.103186142186350480e+02,5.982563680587736599e+02,7.803615469969208789e+02,7.630390662188747228e+02,6.152709895228699679e+02,2.803749194137772065e+02,-6.071557981922455838e+01,-1.575382895124982952e+02,-2.990113879866908064e+02,-6.659576157856645295e+02,-4.254326109229468784e+02,-1.131185493829855204e+02,1.675686220034776852e+01,5.607500092250711532e+01,7.647604925255859598e+01,8.048978779436879449e+01,3.665584698407377573e+01
-3.316355451474066740e-01,-1.772494495977070983e+00,-5.420102448417907226e+00,-1.987543557858805343e+01,-3.212805477448915781e+01,-3.065339346335255755e+01,-1.581588804063639486e+01,-3.585364468295892948e+00,9.272268831054987004e+00,2.086554507018982463e+01,3.555916697534247817e+01,2.916002327008845896e+01,-1.927341582200460479e+00,-2.711388438344689789e+00,-4.123246312708271688e+00,-9.446621035298228719e+00,-8.120517556198436182e+00,-5.900780021887847226e+00,-2.704256711965275173e+00,-4.263833621640635840e-01,1.007110082896717884e+00,2.872329412279340133e+00,4.584590515262043198e+00,5.356130386846190916e+00,8.293275417241329706e+01,5.480294537373811181e+01,-3.612085442073475861e+02,-1.589433046526028193e+03,-1.413798829743642273e+03,-7.004782054169972980e+02,-2.439582158746397909e+02,-6.725393112431265763e+01,6.291787064848904265e+01,1.018683237663908585e+02,8.010060402170620364e+01,9.213786762938025277e+01,-1.318409940279956345e+02,-3.523487911734966929e+02,-5.623991537634824454e+02,-9.565812428874314719e+02,-4.978434550309739279e+02,-1.801352157469671056e+02,-6.080707379778573340e+01,-2.934980650564943971e+01,-3.820061617992450920e+00,3.934239076742665020e+01,2.503570522962940004e+01
1.267496394164396634e+01,1.972518136535734357e+01,2.624437345026308321e+01,4.351801010648023293e+01,2.521166553134634114e+01,8.761788176359090130e+00,7.184945060052882582e+00,1.506897018637289420e+01,2.719462656474507867e+01,3.637919202042587585e+01,4.956773035792549820e+01,4.297363415448334933e+01,9.895723505034652590e-01,1.727382187477644493e+00,1.700353054053810098e+00,2.517543831003138166e+00,1.523498826112451354e+00,8.812277199020037699e-01,5.474354492265760541e-01,2.562977978892977404e+00,3.641413079458965640e+00,5.024135587140316161e+00,6.287883692942212832e+00,7.690842650917359080e+00,6.900739391505790081e+02,2.493236304632711835e+03,3.933313423904917727e+03,6.676729277655453188e+03,4.340979268067858357e+03,2.653041086560993790e+03,1.829694865352172201e+03,2.056988791269668582e+03,2.109202450120959838e+03,1.884132358346854744e+03,1.634606578153080591e+03,8.297923515273746489e+02,8.649598708244229783e+01,2.060593775646862014e+02,2.451383255222499429e+02,3.290772829750903838e+02,2.761889239139077290e+02,2.524159498529252232e+02,2.106088925481558363e+02,2.420118006708180474e+02,2.296516002779812879e+02,1.641265795211542127e+02,7.149680460489150846e+01
4.264601610007204613e+00,7.440255365078769501e+00,1.026118783335891749e+01,1.301604228093958682e+01,-3.762042034275850710e+00,-1.755230235250658666e+01,-1.141727105235290196e+01,-9.079449481737356109e-02,1.284263403604504106e+01,2.742281685450151940e+01,4.912983899703469604e+01,4.976768388404427412e+01,-1.051566098459087328e+00,-1.363627039262336638e+00,-2.306954950663211434e+00,-5.507182635727701836e+00,-5.257189568558445103e+00,-5.033960765752290456e+00,-2.950447512414729800e+00,-9.933235320827193959e-01,1.108090327325614410e+00,3.744345064804258882e+00,5.436535120359597073e+00,8.445092513196842177e+00,2.758925758577279339e+02,1.305060069133935031e+03,2.591226189513683494e+03,5.125567187160828325e+03,2.828589591755866422e+03,8.271987457053292019e+02,3.548753305434020149e+02,5.352768084288982209e+02,5.796216555690771202e+02,4.688598205428825167e+02,3.038299346169842465e+02,3.634445159543702175e+01,-4.539026225368945688e+01,-1.174954704880440204e+02,-2.097369395531363807e+02,-3.968762170446852906e+02,-2.134587451154325208e+02,-9.326557643129262942e+01,-2.410244267493385451e+01,3.288201615543039225e+01,5.628837805047646725e+01,4.927833871827226631e+01,1.602935084946685151e+01
-9.822306643840050810e-01,-1.321426318294896873e+00,-1.531119530383477922e+00,-7.316494687563590560e+00,-1.412283638818291820e+01,-1.621065708931840277e+01,-9.843850631943070084e+00,-7.815785418790994754e-01,1.310385410920625304e+01,2.690973007484126356e+01,4.414868810242604980e+01,4.179848853247618479e+01,-6.542230101467243486e-01,-9.637958826394488199e-01,-1.671411343584701115e+00,-4.597699347523452218e+00,-3.255042386311266966e+00,-2.304902721070938298e+00,-1.343161644047874859e+00,-4.831318505967807653e-01,1.371232101686336691e+00,3.475257099533363814e+00,5.261744099918939099e+00,7.612180313459715464e+00,3.425227849779093958e+01,1.247534369571712887e+02,2.498169768039406335e+02,8.143107730453048134e+02,1.041827027559545968e+03,9.241670212035023724e+02,7.255772347638212523e+02,9.471122305917742779e+02,1.118353612040653388e+03,1.079155632219837571e+03,1.004742973813775279e+03,5.824816970947817936e+02,-2.159396989406423017e+01,-7.851542103590168153e+01,-1.679254432870807250e+02,-3.075919421220833101e+02,-9.212616818800734109e+01,3.905752159519533961e+01,6.219553222289323458e+01,9.376558362701462102e+01,1.124582733345557699e+02,1.066284873369907018e+02,4.967414841803508807e+01
-1.076195490169745028e+01,-1.679738802967752065e+01,-2.229973048084482912e+01,-3.958209476656827519e+01,-3.962017099453549918e+01,-3.771056569358691490e+01,-2.506745438761902278e+01,-1.285935319766198859e+01,3.523888394765833709e+00,2.351161980417120390e+01,4.421684560560770194e+01,4.411447263862523016e+01,-1.338058325723403996e+00,-2.008314406224000592e+00,-3.148670951103522242e+00,-6.565226033104039516e+00,-4.704567763038344452e+00,-4.315452555954813363e+00,-2.798606100350006898e+00,-1.667501824917760445e+00,6.572041567463724476e-01,3.350244485054892252e+00,5.121407387430711111e+00,7.572728641025575413e+00,-3.925771961228856526e+02,-1.321579663853490274e+03,-1.912335515427759674e+03,-2.705349511224158050e+03,-1.459242829996917862e+03,-1.069887426157487425e+03,-8.836551779680085019e+02,-7.701006613454574108e+02,-4.310819840027143073e+02,-1.843054650425037835e+02,-1.230521434658667204e+02,-3.208323200823588195e+01,-9.374313500228140583e+01,-2.328683786828385109e+02,-3.503690375999253774e+02,-5.705385304905266821e+02,-2.897467978911845421e+02,-1.408204695610172621e+02,-9.300131362920569700e+01,-8.393417972256202120e+01,-4.489326253833587543e+01,2.156564646052640910e+01,1.380408875187589501e+01
-1.011571693892119583e+01,-1.673351979021670388e+01,-2.686358012832445752e+01,-6.143158058801810739e+01,-7.251267777617334787e+01,-5.703202350488939487e+01,-3.143160030671521099e+01,-1.607621975623862909e+01,-3.601996110818191710e+00,8.912123596583825247e+00,1.740114677709263447e+01,1.513969664546598892e+01,-2.497699760644023215e+00,-3.616123663244026787e+00,-5.305082406158494024e+00,-1.279922318635569667e+01,-1.152916723180663894e+01,-9.070218154888745943e+00,-4.680928466193634563e+00,-2.969927013125850834e+00,-1.080359642999038527e+00,1.027703629255734441e+00,2.245714186498155129e+00,3.032985761004269420e+00,-3.406050307299478845e+02,-1.355463231724446814e+03,-2.635128194706569047e+03,-6.024971708191922517e+03,-4.765681049362410704e+03,-2.501476509133022773e+03,-1.129640911098864308e+03,-7.297087867061200086e+02,-3.117716102344202227e+02,-6.315200813901810761e+01,-2.063781060698329384e+01,-2.375040572677198725e+01,-1.589541840265882229e+02,-4.254215600797408570e+02,-7.054687668057213159e+02,-1.322995076162966598e+03,-8.198726231176360670e+02,-3.553646108563868893e+02,-1.442612971799303523e+02,-9.095996005089546088e+01,-3.712179133007668952e+01,2.605755797149424779e+01,1.306046047610823280e+01
9.924150349298926699e+00,1.398700674785496290e+01,2.038840984218364838e+01,4.282433313535921116e+01,3.426996290502694364e+01,1.230803677265842566e+01,1.119777818442148032e+01,2.440771976512922947e+01,3.779688997441914466e+01,5.331360162876262621e+01,7.497254328746383578e+01,6.607469623816685100e+01,-6.523307177690806924e-01,-1.138188602834311780e+00,-1.049469888595126577e+00,-1.520043708561047424e+00,2.646314587744598157e-01,-1.631359516297905543e-01,-2.032387539040918512e-01,1.918443356685457957e+00,3.971384762135597768e+00,5.895608539532657844e+00,7.934344298627028280e+00,1.036549261514555020e+01,4.215739453545952529e+02,1.484624272065131663e+03,2.686862818529323704e+03,6.208858421664277557e+03,5.069429920855953242e+03,2.491378097727372733e+03,1.333296099010791295e+03,1.578794110291519246e+03,1.641746067020056216e+03,1.458368462283948247e+03,1.330814558296772702e+03,7.779356387429920687e+02,-3.142365886145330478e+01,-1.153275142056638742e+02,-1.973615598094038432e+02,-1.960861404499910350e+02,9.894579662094474770e+01,1.158651160334477481e+02,1.000948917259415794e+02,1.613992147444425882e+02,1.743201353899280548e+02,1.340334890312291236e+02,5.915955940792770207e+01
-1.340999208980892377e+01,-2.003105731679876556e+01,-2.863410435684536992e+01,-5.704626346405450477e+01,-5.988904163534891723e+01,-4.888448655240478047e+01,-2.929052564365187550e+01,-1.287422419868681800e+01,2.908077848997919546e+00,1.689955856457153516e+01,2.442865726387675807e+01,1.769126430769860292e+01,-2.542895711724554531e+00,-3.651934183064039274e+00,-5.214824022584970464e+00,-1.143699309092308170e+01,-9.517068672448182554e+00,-7.291754919946729530e+00,-4.164101638224742885e+00,-2.744687902697712900e+00,-7.464075034317438906e-01,1.498340700994196695e+00,2.520539774902394115e+00,3.256292958423767203e+00,-4.851717104981034936e+02,-1.632758722148519155e+03,-2.581250948504650296e+03,-4.657427928796743799e+03,-3.198464878375511034e+03,-1.822052785863359532e+03,-1.053471354523548143e+03,-7.805748810876502830e+02,-3.885050734802825900e+02,-1.124098664343846394e+02,-2.569583847683770728e+01,3.609277804492194264e+00,-1.789567615770539533e+02,-4.399814407098738229e+02,-6.616852429061727889e+02,-1.118300214927975503e+03,-6.433877328252201551e+02,-3.002871572305245991e+02,-1.564406843068771877e+02,-1.156578121821062268e+02,-5.690820107004310557e+01,1.754184905436318331e+01,1.282100403630278151e+01
-9.407572863392459794e+00,-1.279347661412775494e+01,-2.029164890997481052e+01,-5.110018205397966540e+01,-6.120852560397736397e+01,-4.842203597878787491e+01,-2.997933257400802631e+01,-1.985561116646388768e+01,-5.979932989937140064e+00,1.007167518368748915e+01,2.602208999261829092e+01,2.839524626017347941e+01,-1.740397286411416999e+00,-2.849192675343058312e+00,-4.289394437959259676e+00,-1.040405175993466713e+01,-9.445324182307476946e+00,-7.185516170439516515e+00,-3.670092757814781947e+00,-2.625847491212784490e+00,-1.036910928896146444e+00,1.523636634221556818e+00,3.267711643729390047e+00,5.626115832244979131e+00,-2.851625495297903399e+02,-9.741032597308603727e+02,-1.681613150011737162e+03,-3.720784671667970542e+03,-3.114384483028959949e+03,-1.774193274015544375e+03,-1.083941950320842807e+03,-1.032358935284273684e+03,-6.776397642742249445e+02,-3.326627704854936383e+02,-1.762640109377889530e+02,-5.562813456662343015e+01,-1.170016207607455954e+02,-2.971349134769523062e+02,-4.847232461922008042e+02,-9.153932200466579161e+02,-5.738359712420383403e+02,-2.494563768616376365e+02,-1.305477308992651615e+02,-1.241457662427021660e+02,-7.646116269674848809e+01,1.305612095235051129e+01,1.255606040956999436e+01
9.610154152347959666e+00,1.223067523155680192e+01,1.372916393901499532e+01,4.834569382040513119e+00,-2.406157133601448095e+01,-2.174798981261790232e+01,-1.938498093164156444e+00,9.975446794292025743e+00,2.408288521051537145e+01,3.723707158295715658e+01,5.786861261967037251e+01,5.601972079992627584e+01,2.808022600861903584e-01,6.081576167340401184e-01,-1.195167805978094577e-01,-3.483876321896843820e+00,-5.064634049967104090e+00,-4.361056143666210971e+00,-1.747128427958053010e+00,6.218459892359966545e-01,2.826728370087122855e+00,4.548639221595903948e+00,6.210842878885838303e+00,9.455152450007661358e+00,5.392657341535359592e+02,2.007653332518008028e+03,2.887831466332587297e+03,2.999948712168079510e+03,3.698852178979723249e+02,4.534387731073311443e+02,9.995980510852423322e+02,1.504893458536000253e+03,1.666176277987195135e+03,1.477051022558471232e+03,1.175174258304258728e+03,4.803296217002521189e+02,4.593342948687961780e+01,1.011083229854898491e+02,4.473080275143411200e+01,-2.251985989648710529e+02,-2.526059208260157902e+02,-4.505390766321693263e+01,8.479311054731078912e+01,1.588419564061391611e+02,1.728954711674332430e+02,1.230469836322458832e+02,4.406482051673600608e+01
-5.186318638176189211e+00,-6.243997602793925239e+00,-9.846818638369967402e+00,-3.121170194344051652e+01,-4.797084289318291894e+01,-4.390336485835629787e+01,-2.484131719779855985e+01,-7.981673935803854647e+00,1.048036134539677278e+01,3.041452919971786173e+01,4.948201074953833256e+01,5.183667720775063970e+01,-1.681574050565133760e+00,-2.296577461739484960e+00,-3.065886106413501011e+00,-7.068966966695192866e+00,-7.672301942409220032e+00,-6.192737595842224607e+00,-3.198765636201269302e+00,-6.833027657507351194e-01,1.452341853493875234e+00,3.983709296570827618e+00,5.458276657595028780e+00,8.785627935989404946e+00,-1.482481478662139125e+02,-4.099982515793853963e+02,-7.707382151024794439e+02,-2.423975230373551312e+03,-2.673181509567406465e+03,-1.777563926349861504e+03,-9.888546258717524324e+02,-6.751082420190632547e+02,-2.757536206714939908e+02,-3.674745795268881920e+01,2.401283061429239751e+01,5.223848501967177071e+01,-1.011757051812329564e+02,-2.181025652528260252e+02,-3.260497143349143698e+02,-6.520706662169850460e+02,-4.562590780335881391e+02,-2.046857045122242198e+02,-8.266530193755420441e+01,-5.320429274995149171e+01,-1.481345260709827016e+01,3.956634698809921247e+01,2.118301275520482818e+01
1.413533417509682977e+00,3.392431816400801381e+00,3.693681210655228142e+00,-1.166044318762038756e+01,-3.441245994002917996e+01,-2.671433059836886059e+01,-3.947275282943564889e+00,1.506883285817232832e+01,2.933956731221093150e+01,3.823936272988794371e+01,5.263590682159478717e+01,4.654544480308652510e+01,-8.110744292084977047e-01,-8.778757460053405737e-01,-1.427569241254783350e+00,-6.040729901928180823e+00,-7.208484187762078221e+00,-5.056776889418429732e+00,-1.589625829283932035e+00,6.962642089125274936e-01,2.554814742683701567e+00,4.497622841387647341e+00,6.054241675315090276e+00,8.054073273340625505e+00,1.439209724067845855e+02,7.682579789039264142e+02,1.247712938022115850e+03,8.606895972852798877e+02,-6.710448620084353024e+02,3.295698340556191397e+01,8.031683954553518561e+02,1.335776886232211837e+03,1.472971126403923336e+03,1.289768712279015745e+03,1.119484545006148437e+03,5.182795526563354542e+02,-4.718029348967218084e+01,-1.218908943259568787e+02,-2.611148218712892231e+02,-6.782575356696988820e+02,-4.865235991317895241e+02,-1.495434127332255230e+02,3.322120911173033164e+01,1.254149690570118310e+02,1.504938017949109508e+02,1.086415638598397209e+02,4.314922323428226036e+01
-1.031509938940689608e+01,-1.299095014402091408e+01,-2.052891068665169882e+01,-5.501107780951969062e+01,-6.800567279050659408e+01,-5.538982906431323272e+01,-3.108665175475286446e+01,-1.250183705320836225e+01,3.356895502894133188e+00,2.141268965236602639e+01,3.583665074082743729e+01,3.317747581635190102e+01,-1.966906455852532432e+00,-2.537882961238048907e+00,-4.171442290252230123e+00,-1.085576455083128877e+01,-1.024219048485960570e+01,-7.746012209277886029e+00,-3.792411778198385264e+00,-2.029514625578055842e+00,3.380857091815290261e-01,2.792609441726490616e+00,4.750686440711415770e+00,5.848556406718588008e+00,-3.705593339036613543e+02,-1.252996242020839418e+03,-2.162074974989838665e+03,-5.025778325835774012e+03,-4.436685101382794528e+03,-2.678372577785525209e+03,-1.542224343793606749e+03,-1.361668247045574390e+03,-1.010576299430886138e+03,-6.780848266976272498e+02,-4.470391917443876082e+02,-8.149500341505017786e+01,-1.318317417480271843e+02,-3.265601432947714784e+02,-5.230741011154605076e+02,-1.017174897574459465e+03,-6.867408178222535753e+02,-3.320676156808999622e+02,-1.693146985304803138e+02,-1.530152654347411953e+02,-1.069315424316220060e+02,-5.359299950937042922e+00,1.075432335464284961e+01
-1.665066752523387095e+00,-2.695837475166513286e+00,-5.446272536594875646e+00,-2.921992489500007650e+01,-4.819941515658385356e+01,-3.718388281387652228e+01,-1.142086769487733022e+01,7.346325897072432554e+00,1.985356426211140501e+01,3.437182205708654692e+01,5.136659473229828166e+01,5.179268955267296803e+01,-1.198651805994439101e+00,-1.846433996252095255e+00,-2.820638316482451557e+00,-8.411846553975507845e+00,-8.499942400606094850e+00,-6.244092390055492103e+00,-2.510569081188865681e+00,4.898807208902979937e-01,2.286447641657501251e+00,4.303992623005024498e+00,5.808180124755171647e+00,8.996666393915978333e+00,4.980870339336570396e+01,3.266834876387292752e+02,3.758808379218462505e+02,-7.980915504446966224e+02,-1.661458380483967630e+03,-4.814981066788095632e+02,5.265512416804758686e+02,1.084487359497314173e+03,1.270279691554840610e+03,1.121613913957013210e+03,9.408505922320346144e+02,4.290410008430012567e+02,-7.698926976959307922e+01,-2.074836323250929127e+02,-3.910307986451730358e+02,-8.762321130980872113e+02,-5.901598850098653202e+02,-2.045708362695352207e+02,-3.796062033223506660e+00,8.650899735867687923e+01,1.202987092839246088e+02,1.014404498019986249e+02,4.052697207396440149e+01
-7.807280884926854014e+00,-1.249716828523219192e+01,-1.832143583154109479e+01,-3.023711323084245350e+01,-2.679551277486615390e+01,-2.598090085063935817e+01,-2.179491733691153854e+01,-1.465892419740177388e+01,-3.195742079924428936e+00,1.090561939360054566e+01,2.508437332318096935e+01,2.868958935388771181e+01,-9.307678000054568912e-01,-1.783165759173666487e+00,-2.970945827938606953e+00,-5.400005913220958575e+00,-3.784073608741689299e+00,-2.842637832865833047e+00,-1.747866453116166952e+00,-1.064130466121550711e+00,-4.318155394571139283e-01,1.452764061073352764e+00,2.734459247520328873e+00,4.705618464511882593e+00,-2.516365389662769303e+02,-9.612241218702638434e+02,-1.422530527394425008e+03,-1.499090327546815388e+03,-1.958674861938234244e+02,-2.440696612212232139e+02,-4.734456510611125850e+02,-5.648207156204898638e+02,-4.288870890410908032e+02,-2.833052918549592505e+02,-2.956412189355778537e+02,-1.930022219690490601e+02,-5.790480255472732551e+01,-1.538603137598377089e+02,-2.464240556369245496e+02,-3.413373151984515061e+02,-6.244451735902703149e+01,2.272121341079878221e+01,4.478431044092303637e-01,-3.092057591199341005e+01,-2.971612272986021708e+01,1.510327571246591560e+01,6.468823018840595296e+00
-6.377769578771179226e+00,-8.614116122812461640e+00,-1.271586572085328726e+01,-2.801509272892695890e+01,-3.670391795103876120e+01,-3.826349564631729550e+01,-2.954553592899787873e+01,-2.194708087171693478e+01,-1.033774706558625667e+01,3.947629599972600545e+00,1.756789992883064144e+01,2.406555631772648951e+01,-1.469471893440880805e+00,-1.768089935399743240e+00,-2.768391107596833933e+00,-6.218212914674118963e+00,-5.204640889791772196e+00,-4.758496299799972462e+00,-3.276882404636822343e+00,-2.513595310277501937e+00,-1.297135525407513867e+00,6.264858837355813392e-01,2.259911794166599819e+00,4.732532871655703133e+00,-2.045956149404573807e+02,-6.226080529528062470e+02,-7.364138389009422099e+02,-6.533347525458448217e+02,-4.273616530142244301e+02,-7.418194597497604263e+02,-7.516326896501468582e+02,-6.273167236125427735e+02,-3.013793970557544526e+02,-1.144484197780848262e+02,-1.482740804204186134e+02,-1.953872313724796186e+02,-8.572036237685017568e+01,-1.916268686434923438e+02,-2.533660795984624201e+02,-3.669156065387587660e+02,-1.800931852428011553e+02,-9.414389214949369489e+01,-6.495112692869065540e+01,-5.348903226805236955e+01,-1.916009418130443009e+01,1.961035685165154518e+01,3.585349248470464545e+00
-5.250317865550883312e+00,-7.575884565720755859e+00,-8.739696473669198440e+00,-1.527203499147742605e+01,-2.098399238759947139e+01,-3.034762437611800578e+01,-2.384451533152676461e+01,-1.179354744623674378e+01,2.154932661067022082e+00,1.619449659920880435e+01,2.829644892044838400e+01,2.393085402127269390e+01,-1.500000726650409177e+00,-2.379797222736343087e+00,-3.336741872499008110e+00,-6.368588789533085048e+00,-4.482308541596964346e+00,-4.323398138327817719e+00,-2.924627336559144197e+00,-1.463273318073703422e+00,4.576875669326536666e-01,2.499811206550619502e+00,3.663318556536166781e+00,4.450086364812625206e+00,-1.083159763212233884e+02,-2.673195868316670385e+02,-1.075847093635020428e+02,8.593759748778611538e+02,1.013183624546971259e+03,1.115332551001083630e+02,-2.054120421053430618e+02,3.027773687026638072e+00,3.045649367762853217e+02,4.193582541377490998e+02,3.600284537931374871e+02,1.601347731569953794e+02,-1.020358834941798705e+02,-2.632009626257254240e+02,-3.827534595926913426e+02,-5.334669827711486505e+02,-2.028929257249865259e+02,-1.016025491239804524e+02,-6.963231937471550737e+01,-2.792271118774669958e+01,2.226656444905984245e+01,6.045960182388853354e+01,2.779929245380159841e+01
3.106503270373821124e+00,7.080789819892373771e+00,6.124186181789752936e+00,-2.104785144417712672e+01,-5.566953154585911534e+01,-4.762443328336544823e+01,-2.085493734047727798e+01,-6.218622321638605399e+00,7.039055071604479963e+00,1.959356068359059577e+01,3.449938535045215815e+01,3.411798127152090387e+01,-1.079865423091543875e+00,-1.341505892691380097e+00,-2.685842113736736536e+00,-8.655358074157788906e+00,-9.919586194995471118e+00,-7.995607027490184038e+00,-3.843326123309040554e+00,-1.718395102892937842e+00,6.473361276766933514e-01,2.805072560459985098e+00,4.259124943061575408e+00,6.066715112920347153e+00,2.519397806689198660e+02,1.229909191452110463e+03,1.865533830100335763e+03,7.617854505396680906e+02,-2.238161264179256250e+03,-1.665711840824684259e+03,-5.588282870041057322e+02,-1.608415548107805080e+02,1.172249597241152514e+02,2.013301449084246997e+02,1.587927809052189332e+02,1.415373860901081571e+01,-4.100597766225212126e+01,-8.401225482210952578e+01,-1.983990082392665499e+02,-6.781528708149298836e+02,-6.402030031713029530e+02,-3.196810618220224569e+02,-1.107822075712374499e+02,-3.959913868326816555e+01,9.641720460562964945e+00,3.893789531922038805e+01,1.559268260631125713e+01
-9.431511673963328235e+00,-1.400507719805872853e+01,-2.021305983047588484e+01,-3.285897486166862791e+01,-2.862315179595859149e+01,-2.491933930827684662e+01,-1.761213058765937944e+01,-6.919642125915260067e+00,8.349442006452562737e+00,2.260093955009739375e+01,3.970207006776333003e+01,3.940415542058596543e+01,-1.812807160888031177e+00,-2.630279330647395497e+00,-3.139638345279941234e+00,-6.655848989297830087e+00,-4.856825507508080619e+00,-2.915852313754509595e+00,-1.558269732124724527e+00,-3.678058619424646736e-01,1.043975615098192478e+00,3.211771292927483756e+00,4.836385911983196451e+00,7.040246416909115013e+00,-3.304438938005509954e+02,-1.207708965494957738e+03,-1.950331033127047704e+03,-2.761907724603879615e+03,-8.782485542430949863e+02,-2.154433620916079235e+02,-3.386028099285103963e+02,-3.740535615898024844e+02,-1.675237235592121579e+02,-1.075445717717957450e+01,3.214108128988209501e+01,5.192213292079213716e+01,-1.190307883926477643e+02,-3.106685100702673026e+02,-4.793303816911088688e+02,-7.092443275386758614e+02,-2.534301465408934746e+02,-4.029963258616839994e+01,-2.532351223543514607e+01,-3.738110701955270088e+01,-1.779864677819477947e+01,3.153600483437367075e+01,1.972067107679808373e+01
-1.100613373997325084e+01,-1.779113434624876788e+01,-2.369680841260012016e+01,-4.021763736656447463e+01,-3.726966266714725862e+01,-3.382709553012324477e+01,-2.087107424248986831e+01,-4.671239262324917263e+00,9.521972426810549450e+00,2.262566870588972279e+01,3.104666898491539939e+01,2.353989427870432394e+01,-1.224880481791144504e+00,-1.907242013305701533e+00,-2.851389898834867154e+00,-5.914001448738041233e+00,-4.509601307373326762e+00,-3.469377182621375511e+00,-2.041295886066162524e+00,-1.007223878780894921e+00,6.842789636147568189e-01,2.722783654934069375e+00,3.498363394081057010e+00,4.665678598858681525e+00,-4.250281045371198161e+02,-1.534468264421411732e+03,-2.469991182551435486e+03,-3.940032274529439746e+03,-1.889135664544446627e+03,-8.180712582989090151e+02,-4.484036249626715289e+02,-1.131262547304686450e+02,2.546673713528089138e+02,4.057625573538771278e+02,4.158909687702007432e+02,2.318203794037513035e+02,-8.430932426839706295e+01,-2.252884926366555192e+02,-3.596271590246669803e+02,-5.879593565979630512e+02,-2.605722752181463875e+02,-7.756424740408738217e+01,-3.048202883248723083e+01,-6.389081041620784163e+00,2.569322153640155193e+01,5.623233432978929613e+01,2.402787882624173221e+01
1.385290762804842757e+00,8.360481333849065777e-01,3.904234820531371497e-01,-1.591408244580293285e+00,-9.582130976891846785e+00,-1.287221911889511716e+01,-9.026247188728291349e-01,1.472740308764210226e+01,3.086479895392170647e+01,4.444886615204859481e+01,6.465790326262408882e+01,5.597406908220078492e+01,4.862989409150841880e-01,7.113089688973914804e-01,8.448212555122154299e-01,7.609331224767004187e-01,-1.640406023516760570e-01,-2.694984795787291887e-02,6.576265032276005229e-01,2.586246366710394540e+00,4.478899846541812835e+00,6.127258469576579714e+00,7.706493432323114234e+00,9.829443379956414262e+00,1.426720307913428769e+02,4.002466484574979404e+02,4.879713039002272126e+02,7.262370217032876099e+02,7.426766634931227600e+02,7.912949466352820309e+02,8.903521854574864847e+02,1.382290384884687228e+03,1.614720852163589370e+03,1.480045673877137233e+03,1.317994217765329267e+03,7.366780243751304624e+02,5.095116172727739468e+01,1.125797039384588061e+02,1.035311023463341371e+02,9.130172979084454710e+01,1.114703041428801953e+02,1.435452729264964091e+02,1.503921712364854102e+02,1.905301271380494654e+02,1.886106125093708670e+02,1.436745057686403015e+02,6.341415278583878035e+01
3.449029841496709992e+00,5.062442250454637360e+00,7.696551131681360403e+00,1.639049586527363545e+01,1.003914624992739846e+01,-9.700102565492159101e-01,-2.324855029827602948e+00,1.085972626238088878e+00,1.085374240815170310e+01,1.942879953140382554e+01,2.943268868179215758e+01,2.563044559422846191e+01,-2.421910824840942666e-01,-5.007231963958780341e-01,-7.796709185054595537e-01,-2.015666099388475629e+00,-1.602258919332491871e+00,-9.325096423243053323e-01,-6.150410117649478536e-01,2.457612977276113497e-01,1.161292547619938276e+00,2.526165705813667728e+00,3.321862841046659298e+00,4.690238249134230486e+00,2.441609872033814099e+02,8.407036616114910430e+02,1.397241742294503638e+03,3.023310025037899322e+03,2.698503621689767897e+03,1.799584552922611692e+03,1.024970287814716357e+03,9.552345563080307329e+02,9.063544173821210279e+02,7.911726513625308144e+02,6.725829062478951528e+02,2.805727717223562649e+02,-9.543449500537235508e+00,-4.788401488705267184e+01,-1.214275320157657916e+02,-1.693459042647064052e+02,6.633008764541455093e+01,1.445589322920300219e+02,1.043916995417391718e+02,1.007761007763265297e+02,9.389346211550036969e+01,7.702978742672428325e+01,2.968452236440273850e+01
1.745325472536350730e+00,3.891693454771740335e+00,2.375911362804828286e+00,-2.003040140832683846e+01,-4.374512447488427824e+01,-3.460347734645557694e+01,-1.236875044769857368e+01,2.586832526621094530e-01,1.140348696320523914e+01,2.459893980533777835e+01,3.509513453096489854e+01,3.349052007104198481e+01,-1.200278005841964202e+00,-1.391966752167988375e+00,-2.547616611399963205e+00,-7.626448780374822434e+00,-7.949731887407889275e+00,-5.831867487253564519e+00,-2.409199920181070098e+00,-2.821929712062285489e-01,1.231274102237799539e+00,3.128320138018844787e+00,4.469059846651148860e+00,6.329856540168021795e+00,1.989746320004769586e+02,8.302572209990594274e+02,1.100837142860935273e+03,1.639177527962310705e+02,-1.285157744551572250e+03,-2.925781760495901835e+02,6.212319345400155726e+02,1.159021147069262952e+03,1.273473372970727723e+03,1.071301447473049848e+03,9.219751113085167162e+02,4.716849982076960259e+02,-5.357451113333706871e+01,-1.267389303912098057e+02,-2.504724062531304298e+02,-6.393655361627015736e+02,-4.716698043740889261e+02,-1.453334992983675420e+02,2.724329029747786990e+01,1.100752609581950310e+02,1.299044919728623881e+02,9.909832024735010236e+01,4.246251510554802167e+01
3.553972599665968346e+00,7.544282926950927504e+00,1.150843387632818349e+01,1.958185307679275411e+01,1.204944227825137659e+01,7.585392138161353159e-01,3.674344762580716406e+00,1.554228672548802592e+01,2.856190692889737193e+01,4.108397609077778156e+01,5.514983580439285049e+01,4.620519271331006905e+01,-3.164876817814299415e-01,-3.285118592720763786e-01,-4.570464918310470637e-01,-5.214495706124324670e-01,-2.308756482918283837e-02,3.570493456783587760e-01,6.232835308302888677e-01,1.804064964302643403e+00,3.000498636463488467e+00,4.997484722770073162e+00,6.166554428269840571e+00,8.447274980955759460e+00,2.829111486599326781e+02,1.052642111913524786e+03,1.802709910596644477e+03,3.637270853750123933e+03,2.876691403191300196e+03,1.854689184323126028e+03,1.332883204126277633e+03,1.568878655619346318e+03,1.623686513433618529e+03,1.439398413197122863e+03,1.224869786505288175e+03,6.120182095791619759e+02,-4.221575752320632091e-01,-7.806550555839294248e+00,-2.656816882687417092e+01,1.031394880026982719e+01,1.391337471144729534e+02,1.599249043109771264e+02,1.446136216272639103e+02,1.756629729472867893e+02,1.707881823411194091e+02,1.254252866693028636e+02,5.564800477713487226e+01
9.590454940713229348e+00,1.459213991047911918e+01,2.115374806730181945e+01,3.331295609371784394e+01,1.412648618409122037e+01,-1.590709563646697688e+00,-4.286986313699117090e-01,9.697838354051242504e+00,2.156870327708497825e+01,3.112773726824173082e+01,4.743556280864386565e+01,4.008496750626723326e+01,4.311971395075886448e-03,-7.914900160813687080e-02,-3.391072553633804887e-01,-1.188431174427904580e+00,-1.817790677001518418e+00,-1.962420728459786545e+00,-9.322173406304941068e-01,8.663141472158173428e-01,2.109302923167630794e+00,4.083752506792064807e+00,5.188692382845985662e+00,6.816657572798062503e+00,4.737292949040302119e+02,1.902794017316222380e+03,3.377413027422830055e+03,6.258894853198471537e+03,3.908753276703719166e+03,1.967499738595894087e+03,1.227332392009875548e+03,1.346235159972884503e+03,1.347636952807792113e+03,1.199718071117424188e+03,1.028244177907955418e+03,5.188181613179990563e+02,4.509109025317798114e+00,8.019514591692313843e+00,-2.319454207801663870e+01,-6.686065755932304455e+01,2.126118034867749884e+01,6.226180309250548817e+01,7.429610909416055620e+01,1.166916950284416998e+02,1.307498363021491059e+02,1.045088674294900102e+02,4.243104820450818693e+01
-5.361744858306934702e+00,-7.196051565351964996e+00,-1.419889914019481125e+01,-4.527524600657807241e+01,-5.948739316768083540e+01,-4.433500887391306833e+01,-2.598326437233797037e+01,-1.692716137575669677e+01,-1.468181594784709887e+00,1.405315277242901573e+01,3.314190038221296675e+01,3.412795766549729137e+01,-1.290267999036030844e+00,-1.938655548162488529e+00,-3.374084090520138801e+00,-9.281338765675030800e+00,-8.909341259474931718e+00,-6.396723440823379292e+00,-2.993632702272307711e+00,-1.726728262417267956e+00,1.765327197473727239e-01,2.679327665155984306e+00,4.193215874069743165e+00,6.332136567942248107e+00,-4.323429798880351882e+01,-1.679737426660485653e+02,-6.592174451790779131e+02,-2.751448738650360610e+03,-2.672803351840047981e+03,-9.378176214719587733e+02,-1.041252875404788938e+02,5.277934396340970125e+01,2.060962084792863607e+02,2.256552558634684829e+02,1.001167351137073638e+02,-9.046535300333289342e+00,-5.719096760210572938e+01,-1.609724610749774456e+02,-3.354738205803646451e+02,-7.958359135605251140e+02,-5.344941161526680844e+02,-1.584569655801285535e+02,-1.410707209399220119e+01,5.901452721760506392e+00,2.510257749577294817e+01,4.527928331682585394e+01,1.982977598278918663e+01
2.302128214701298248e+00,2.370372693890317350e+00,2.811406147817393730e+00,2.080858195595794768e+00,-9.276823315060198638e+00,-1.983813296011820171e+01,-1.673868261819310987e+01,-1.102393167714532751e+01,-1.962378092791226436e+00,1.193654299954958731e+01,2.324950443937287048e+01,2.129078806164260129e+01,-1.233077134673761677e+00,-1.796240904393233251e+00,-2.902068378325751041e+00,-6.276493632697963676e+00,-4.566718523282077058e+00,-4.194455807307715389e+00,-2.946023638625369756e+00,-1.495765251321955702e+00,2.026899373273689520e-01,2.370440746053478875e+00,3.424886276239227811e+00,5.153278514659524134e+00,2.202736707186472813e+02,6.943471860922945780e+02,1.015610964424999111e+03,1.799811118572572013e+03,1.220356434203455137e+03,5.607376546022642287e+02,2.387868926893224852e+02,2.879754295726797864e+02,3.719660533626647521e+02,3.470865062523371307e+02,2.279074538061449857e+02,3.317868062506840943e+01,-7.393362612790247113e+01,-2.065911831404334862e+02,-3.455079166863001774e+02,-5.763992456858177320e+02,-2.420164682426002400e+02,-5.817699835996791080e+01,-1.101961263876660269e+01,1.434936939373915266e+01,3.767603603522184130e+01,5.375056166492197463e+01,2.155127425578407951e+01
-9.297716986055348798e+00,-1.604203158769300330e+01,-2.557043973350982924e+01,-5.223213855139408679e+01,-5.686901576401740499e+01,-4.723326777021122780e+01,-2.578300547894957617e+01,-1.105959910995017026e+01,5.516437790035126909e+00,2.323071224363624765e+01,3.885550470551787328e+01,3.682987700133088538e+01,-1.775834394687610285e+00,-2.690942739120366411e+00,-3.912371750943403725e+00,-9.422942575877016225e+00,-8.300819897649571288e+00,-6.858757882598432332e+00,-3.902474519751571336e+00,-2.123382155388792825e+00,-4.716752859439665713e-02,2.019038469514891077e+00,3.853735911254052127e+00,6.036936946768465262e+00,-2.916331217243041465e+02,-1.193309392769775513e+03,-2.254589937505770649e+03,-4.751037158682731388e+03,-3.425290841958099918e+03,-1.839891075306062703e+03,-9.362789392974773364e+02,-6.397717737855255109e+02,-3.714803268465002475e+02,-2.408492906242308891e+02,-2.182764870952387355e+02,-9.364893860105667045e+01,-9.052526311539372728e+01,-2.689447268753694971e+02,-4.849328215297618954e+02,-9.619204994949841421e+02,-5.795154539402765295e+02,-2.467838936979496793e+02,-1.051972171783418162e+02,-7.390708090862813151e+01,-4.379403219121354596e+01,1.261086278912557646e+00,2.700876740761316341e+00
-5.115515353947998278e+00,-8.498235190358428781e+00,-1.432099802581731751e+01,-3.475433767825893483e+01,-4.226569446687221898e+01,-3.690778961908878841e+01,-2.081053976114330339e+01,-7.352657334577713755e+00,1.144013957179234353e+01,2.856686850212764739e+01,4.531555826895485950e+01,4.099889257122573838e+01,-6.569165147809972183e-01,-1.148108929073980988e+00,-2.130784952540803801e+00,-5.779244444730871066e+00,-5.085452657763365636e+00,-4.000608197774912611e+00,-1.834120438446756651e+00,-2.249505839419505548e-01,1.865635490292389065e+00,3.873138968002981741e+00,5.115221372555783574e+00,7.357127146113539240e+00,-1.418411599408832444e+02,-5.391411890717281494e+02,-9.926676661914971191e+02,-2.120744811524928082e+03,-1.580774396867185715e+03,-8.230626447212653147e+02,-3.363291524164396833e+02,-1.015124078078042658e+01,4.034683774990935490e+02,6.240855511035806558e+02,6.914758375842466194e+02,4.359332293663987912e+02,-3.546034009727839020e+01,-9.865868716044383291e+01,-2.034056079565857544e+02,-4.563815682979311532e+02,-2.854887698876550530e+02,-1.020903573498076184e+02,-2.519735119480628782e+01,6.797560098896383352e+00,4.826314785662543727e+01,9.042999713775873261e+01,4.375620688100471511e+01
-5.037544786389418050e+00,-4.368991097534433266e+00,-2.627489083894658961e+00,-6.452484997963438218e+00,-1.581471687130402870e+01,-2.305531899478287983e+01,-1.744182142213838915e+01,-9.244361486443352760e+00,1.230293819799328503e+00,1.637345165247192824e+01,2.767742217581793795e+01,2.627921169887514452e+01,-1.360993786241605719e+00,-1.650097950981745498e+00,-2.563581176942175688e+00,-5.509730755235274557e+00,-4.659376904141367959e+00,-4.314956937877980181e+00,-2.734112170821280330e+00,-2.062091742938960692e+00,-5.191414751067444655e-01,1.606114891214929230e+00,3.290140505873027976e+00,4.671240591696278699e+00,-5.371263101202112011e+01,1.789332438563087635e+02,8.522157419173490780e+02,2.484033636613778071e+03,1.634476601099591790e+03,3.967458696494632022e+02,-8.917368821266063605e+01,-9.233809413582639536e+01,1.191682998910437163e+01,5.215618175010786217e+01,1.971155077739331318e+01,1.376429632043345919e+01,-5.153128026208594292e+01,-1.134799217445097383e+02,-1.730323760311844126e+02,-2.856798953294755847e+02,-1.201545133163981518e+02,-4.653700411445902319e+01,-3.318626770632658918e+01,-1.978123463701103901e+01,1.724177434580496993e+00,3.085961451628838859e+01,1.400897388116155184e+01
-2.250935906579783818e+00,-3.891810505290493438e+00,-7.570867275136947683e+00,-2.188499536805608159e+01,-3.000617070382438101e+01,-2.758863011186335257e+01,-1.839989938850186491e+01,-1.190471085970807508e+01,1.230059602307989053e+00,1.560771272162051559e+01,3.142165611633065225e+01,3.098466216762821546e+01,-1.248341966820117221e+00,-1.658036497166175849e+00,-2.672047973510505159e+00,-6.697283715874064569e+00,-5.805043051688940636e+00,-4.096198907480591345e+00,-2.538153867289992149e+00,-1.261618714805578634e+00,2.230515060054205634e-01,2.401874510879231650e+00,4.016079373029203481e+00,5.630691583333243599e+00,6.615272576194092835e+01,1.841997673782843776e+02,1.035255195011741307e+02,-2.362206741873160354e+02,-2.691147098077635746e+02,6.491926229361888545e+01,7.531048901333815593e+01,8.153095175617272616e+01,2.259520218661455147e+02,2.398604295629138505e+02,1.271173663930139810e+02,4.428922302221553764e+01,-5.517989116475041556e+01,-1.448407776177664346e+02,-2.559716939797258419e+02,-4.729364810369525003e+02,-2.248387051630052156e+02,-2.034446889330979502e+01,2.373526930244565847e+01,2.309633620589215752e+01,3.455211201674910626e+01,4.840845676454910063e+01,2.089067065355723685e+01
-1.282522577638710004e+01,-1.985815267031736653e+01,-2.674516689326981123e+01,-4.397193943037717645e+01,-3.760125945266739222e+01,-3.206269209315661328e+01,-2.194250063228412273e+01,-8.967979944663852621e+00,7.866730409090337162e+00,2.564193764576941703e+01,4.544926649409786990e+01,4.448538584123672024e+01,-2.243511145026317877e+00,-3.306139709957893302e+00,-4.717096213066103161e+00,-9.539346806014890490e+00,-6.578820009525678358e+00,-4.375427368536776385e+00,-2.495608056487796489e+00,-1.710820368282487181e+00,5.033593683197157276e-01,3.182166393619398903e+00,5.214066315107203309e+00,7.118893218275319512e+00,-4.777911408481591025e+02,-1.606625928582212509e+03,-2.219313358881729073e+03,-2.533942448193447490e+03,-8.051205717120319605e+02,-4.487658773180464777e+02,-4.386613841264243092e+02,-3.212000535653642146e+02,6.585471445279654290e+01,3.449695966303643218e+02,4.483590770849305045e+02,2.861771781569427731e+02,-1.552257099571495473e+02,-3.876497235565759638e+02,-5.585433477610495174e+02,-8.191069168027879641e+02,-3.636649142254350409e+02,-1.444882052230057070e+02,-7.972192019694944065e+01,-5.184051162657851819e+01,1.236034707741964667e+00,5.920972620922327678e+01,3.112487149832341515e+01
-8.789794433600150114e+00,-1.025510404561133271e+01,-1.279543443694171856e+01,-3.622978008541542749e+01,-4.950500274861599337e+01,-4.169898240403688305e+01,-2.322846654436918357e+01,-5.608524715126662841e+00,1.508295077743738943e+01,3.579514901508824209e+01,5.592274869118143954e+01,5.466157558254418802e+01,-1.554688699488625758e+00,-2.307963871233125630e+00,-3.233950104535416870e+00,-7.002438387908568984e+00,-7.582973460209977645e+00,-5.535871421667483361e+00,-2.505785428510741042e+00,-9.283345955946415984e-01,1.115932868150599333e+00,3.865586400061216565e+00,5.475636353695179537e+00,8.985730718618887281e+00,-2.776544996142206401e+02,-7.139598089424780483e+02,-9.470275233020656742e+02,-2.076182022830194910e+03,-2.332644954438073910e+03,-1.641932892049411748e+03,-1.074455109394790270e+03,-9.605439025562573079e+02,-6.204982329259801190e+02,-3.486254551883430395e+02,-2.867504973345066901e+02,-1.312175128479216255e+02,-1.101605014354335026e+02,-2.284124965247635828e+02,-3.281668141319414644e+02,-6.384364789110268248e+02,-4.505176624530768095e+02,-2.102648500943423642e+02,-1.050665034632338575e+02,-9.596038589586009948e+01,-5.734322997960532575e+01,1.444508296813171455e+01,1.054888232384064395e+01
-1.321682298945418665e+00,-1.901730279512889865e+00,-2.495593662327735274e+00,-7.393509166331170945e+00,-1.728868986555181664e+01,-2.404906612339402727e+01,-1.556463178470025355e+01,-6.052664912046424206e+00,7.842007343177243683e+00,1.801061331147508326e+01,2.835843065089527215e+01,2.512752327930130036e+01,-7.464357539018937615e-01,-8.059690231707463681e-01,-1.188169799767035073e+00,-2.519437217684917130e+00,-2.527563959182927533e+00,-2.779810002598900098e+00,-1.863658600477140936e+00,-5.200947321686868463e-01,6.008207157339047200e-01,1.994092852936697469e+00,3.242877107057788422e+00,4.859721371437748516e+00,1.553075342063493736e+01,1.362823816957989038e+02,4.030563171860776492e+02,1.194235100649355445e+03,8.958274854462906660e+02,2.499584377894097997e+02,1.770435881044377311e+02,5.165874115147980774e+02,7.838578551426853664e+02,7.647679514112896868e+02,5.958767722790998960e+02,2.700684819361385962e+02,-3.212540433861749989e+01,-5.540078691231610719e+01,-5.685167503871934969e+01,-3.489156531163735053e+01,4.090048103950493896e+01,3.754067892758712333e+01,4.287997733651127419e+01,7.266092075744359136e+01,8.905887399353491674e+01,8.905006830319928213e+01,3.610291548850324261e+01
2.016638830337441846e+00,2.927354992182443993e+00,4.491626520447056237e+00,8.093719633696196070e+00,-8.639348777774102928e-02,-8.530898861250705068e+00,-5.752108784732399727e+00,-2.229815876824176257e+00,8.235753803663214967e+00,2.230870663835995060e+01,4.080818683385867018e+01,4.129382889077203345e+01,-1.076340436123480515e+00,-1.513102308742645619e+00,-2.188224681725529308e+00,-4.424350817160814131e+00,-3.065769293564152065e+00,-2.591992298955947405e+00,-1.715720164845986773e+00,-5.096422057961689234e-01,1.097396716038398168e+00,3.159013658478931674e+00,4.899425323951394518e+00,7.394409426386525652e+00,2.736988483737159186e+02,1.055945649096769557e+03,1.901048636381725373e+03,3.910772118058303022e+03,2.823653879328605399e+03,1.525880634459716021e+03,9.026157616304681142e+02,9.733497274692472274e+02,1.050413337410815075e+03,9.662475144704621925e+02,7.965978562048503591e+02,3.876248072945554668e+02,-3.441099612321340828e+01,-9.572438060574836527e+01,-1.611073317602658790e+02,-2.322085105122368986e+02,-2.452277449962230094e+01,5.953430547370180648e+01,7.075478259671717751e+01,1.016103523091765055e+02,1.143230048971477117e+02,1.039757312576307413e+02,4.494961454517931543e+01
-3.641408627136243581e+00,-5.172086476113136655e+00,-5.050222650977673311e+00,-1.038117334936885072e+01,-1.687161754302206873e+01,-2.072755939050804841e+01,-1.492482018824210854e+01,-4.469690357619356291e+00,9.402858556863236572e+00,2.323307438665301561e+01,3.218302456445952942e+01,2.789889309539496765e+01,-1.265336519391029313e+00,-1.713167367768068772e+00,-2.460628343757900183e+00,-5.455357397049382939e+00,-4.305968150804535099e+00,-3.620401074634145289e+00,-2.470736640927995609e+00,-1.059710861249087088e+00,8.795322080046350521e-01,2.674828492023857862e+00,3.440022470190061910e+00,4.877687732206981153e+00,-1.931597004704008214e+01,2.011651965184719302e+02,7.151069821223500185e+02,1.954381796976849728e+03,1.565903184847971715e+03,9.225386503608242492e+02,5.739787330323870265e+02,7.323076962787599768e+02,8.996974823298514821e+02,8.491987921025829564e+02,7.124915048811990346e+02,3.137263986455873237e+02,-6.275178626225294920e+01,-1.597970673491740854e+02,-2.672574514753432595e+02,-4.826353618307030047e+02,-2.212194950006860381e+02,-3.697567636310327543e+01,2.288567632627018611e+01,7.089251231459161318e+01,1.005249416847843804e+02,9.134536949992627797e+01,3.535394537272600246e+01
4.529985610173454802e+00,6.171383216813495665e+00,6.661628068564738214e+00,-3.737959577511503539e+00,-2.353055197882002858e+01,-2.156687661830281399e+01,-5.666337977822706762e+00,9.063447111241458742e+00,2.395260538638729031e+01,3.928344525665306719e+01,6.578382435070160739e+01,6.027610243959999536e+01,-6.161317935466747997e-01,-1.148928726737079131e+00,-1.736502022571499992e+00,-5.093766574035974770e+00,-5.323967078515590146e+00,-4.416424270861192269e+00,-1.961581517051467216e+00,6.415523692992088911e-01,3.051732034784267356e+00,5.251941154542327794e+00,7.265145850363108337e+00,1.035842927828736926e+01,2.629808692608121419e+02,1.021078118432900737e+03,1.478685644013909041e+03,1.593546434434632829e+03,3.967944224625935021e+02,6.537649600001168437e+02,1.084158466370450697e+03,1.624641454587632325e+03,1.781735821587899409e+03,1.574161164560398902e+03,1.330267682661756226e+03,6.199267927560963471e+02,-3.138968857812608348e+01,-8.975139628413489845e+01,-2.064662166842194893e+02,-5.103926199342276959e+02,-3.110651941337487187e+02,-5.256406743550746796e+01,7.479593168668952785e+01,1.565572846524501074e+02,1.784606094068203674e+02,1.315773196283178095e+02,5.412308577677902122e+01
1.471049552640693037e-01,-8.707774017575218295e-01,1.755612553766980000e+00,1.642325727568362481e+01,2.543510336079452827e+01,8.050115924182989602e+00,1.053657664568248720e+00,7.950873696758350206e+00,2.124246165207128456e+01,3.658672767332396347e+01,6.008705934213854505e+01,6.030713965092003548e+01,1.464575934915597344e-01,-7.542288698450825279e-01,-1.242083234295161986e+00,-5.207638663456606309e-01,2.284053947003066298e+00,1.926295874610264747e+00,9.374256846506909824e-01,1.988709080662999895e+00,2.906743738799130838e+00,5.396850068599535533e+00,7.100150210007775797e+00,1.067737518357109927e+01,1.090636084361440226e+02,4.492585204043443809e+02,1.193644947958720877e+03,4.344616551325008913e+03,4.584560561955779121e+03,2.387667435017190655e+03,1.019276536123219557e+03,9.534945407122886536e+02,9.935391862096967088e+02,9.360730773169379972e+02,8.341772299844806184e+02,4.532754853565506892e+02,1.015883740901017518e+00,-2.045770709637417895e+01,-2.811971233694521288e+01,1.463943243839075876e+02,3.470967913127351494e+02,2.483315468830978716e+02,1.305338706367283521e+02,1.230910841546333359e+02,1.174062790244865937e+02,1.086773085318942549e+02,4.759263851245657406e+01
-1.758692986827341542e+00,-3.744202542793772182e+00,-7.154795453286283191e+00,-2.465667329998541391e+01,-3.498870978150949895e+01,-2.429060441134657822e+01,-4.394517645520551241e+00,7.827214459121989876e+00,2.105052277825134865e+01,3.502252469076790931e+01,5.743926570715443347e+01,5.746109115526921585e+01,-1.161748410933670428e+00,-2.050961087516480319e+00,-3.037561018937221746e+00,-7.800150757312032113e+00,-6.724944464505831832e+00,-4.425923612564211851e+00,-1.658240895895140454e+00,6.691410383314710941e-01,2.576260949758667707e+00,4.591004998898574385e+00,6.268787812895734390e+00,9.599478135033981729e+00,5.871607653144656069e+01,2.986752514860800147e+02,3.826200689348297601e+02,2.298679586478829151e+01,-3.296585076561059395e+02,3.570259444567054743e+02,8.038138986590638524e+02,1.156638729727774262e+03,1.203864539361922652e+03,9.855692386208793323e+02,7.229887598217046616e+02,2.751033104157068010e+02,-7.557531399733659327e+01,-1.998682259231582066e+02,-3.454886337874359015e+02,-6.690206968287020572e+02,-3.782702835228587901e+02,-8.562855333653715206e+01,4.057905120453574455e+01,1.027034813327870779e+02,1.178971667473529124e+02,8.752847887470034038e+01,3.379118302574687505e+01
-2.221685202682962768e+00,-2.692650216462510571e+00,-3.751173900068693001e+00,-1.137265930675556547e+01,-2.359668391846713575e+01,-3.006681432889106986e+01,-2.091512676666744142e+01,-7.239274300818095753e+00,6.724962389827425113e+00,1.813041790565893052e+01,3.171024178107488467e+01,2.590730436350747823e+01,-1.643257222442771948e+00,-2.570263156459631659e+00,-3.579357036483258980e+00,-7.721850868649369204e+00,-6.628797944409896559e+00,-5.843670474009016402e+00,-3.529874200375246573e+00,-2.062293837002780350e+00,-1.098787881338161299e-01,2.146782696953533076e+00,3.570625608445384458e+00,4.737394375797377322e+00,5.296200919374041405e+01,2.020477592648385325e+02,3.442005203989428992e+02,4.979684268471100950e+02,1.317980710732881562e+02,-2.153806232615643239e+02,-2.715723287628716207e+02,-2.278976974079305364e+02,-1.173512772242484061e+02,-6.690685669734648400e+01,-7.859803829002339626e+01,-4.119478340789009962e+01,-8.724244168915811315e+01,-2.493250330119544742e+02,-4.238461177586109443e+02,-7.436002621255684062e+02,-3.723063816222584137e+02,-1.575183926584709297e+02,-8.618780768919100410e+01,-6.363518643998099833e+01,-3.311581285553370435e+01,7.764759106254814469e+00,6.301654586270132086e+00
-5.116346127712375846e+00,-7.091456728969092183e+00,-1.137806256435234786e+01,-3.967767110074476022e+01,-6.247260078519789772e+01,-5.340992444500244574e+01,-2.781620942528678597e+01,-1.007244586339103876e+01,5.898274496194886751e+00,2.192958183186806309e+01,3.736339989095860403e+01,3.357733892539619092e+01,-1.664989158784013767e+00,-2.235181754123523490e+00,-3.199940285138872298e+00,-9.236794671147727342e+00,-9.911504406294330494e+00,-8.070186356558160412e+00,-4.423952237617285732e+00,-2.188243870814183367e+00,2.242809736547695110e-01,2.766918691072609349e+00,3.982503327709979501e+00,5.644916542924372393e+00,-1.420595789404428615e+02,-4.518291121887305053e+02,-1.056405423379048443e+03,-3.743327832540737290e+03,-4.008222321238539735e+03,-2.487640738288861030e+03,-1.378034990402034964e+03,-1.064965065181204409e+03,-5.839657788071235700e+02,-2.381734704747414071e+02,-7.243336718223144999e+01,3.379455433095472472e+01,-1.072544404188561202e+02,-2.648312130475762842e+02,-4.598486068612364761e+02,-9.989022779160941354e+02,-7.166927449773511398e+02,-3.517878101986375441e+02,-1.750950591122079913e+02,-1.370072605633074545e+02,-7.361456646201202147e+01,1.214873164395453387e+01,1.258279779912996332e+01
-7.489902415386097800e+00,-1.129568967448948058e+01,-1.739201529278236080e+01,-4.225038996418862780e+01,-5.318500306129706701e+01,-4.674878741528394244e+01,-2.816807338113429182e+01,-1.343960094522620352e+01,1.296220347615701485e+00,1.691723776936744628e+01,3.522785178555814412e+01,3.722297914895659687e+01,-1.208412890056289157e+00,-1.760408756113424289e+00,-2.924631266137659225e+00,-7.307801188839995632e+00,-7.213274591127699864e+00,-5.702282410371005028e+00,-2.723094759577453061e+00,-1.075054645863634306e+00,3.951002410333064319e-01,2.696700682331043097e+00,4.362686603511566119e+00,6.520937055193053666e+00,-2.014859717746658134e+02,-6.010727222776349663e+02,-9.334498885167195112e+02,-2.127112766139900486e+03,-1.979146299427058693e+03,-1.161714034863634879e+03,-4.953533582320324058e+02,-1.914762419100206898e+02,4.141216780518334417e+01,8.083786890669853165e+01,-3.887575676103188016e+01,-9.363130068780856163e+01,-7.118169721620495238e+01,-1.679201509865310982e+02,-2.767940229656060183e+02,-5.630223932197350223e+02,-3.679940918994184358e+02,-1.412120299396483460e+02,-3.415978916060498705e+01,-2.325144982548863481e+00,1.972657779871815364e+01,3.831380595183486548e+01,1.372307885126338078e+01
-5.884604257638343938e+00,-7.767141597551770360e+00,-1.422004956939755971e+01,-4.499574329079894142e+01,-6.372399543494807972e+01,-5.468937562911256123e+01,-3.133801311142056534e+01,-1.498571976178718046e+01,1.311757586393412112e+00,1.626654338436028979e+01,3.139510234028502111e+01,3.082979595364270153e+01,-2.277225912939258023e+00,-3.239348322620889675e+00,-4.958669792324442938e+00,-1.240446137737105659e+01,-1.157130166406511051e+01,-9.000472733588974705e+00,-4.602765493439456179e+00,-2.718682587131880268e+00,-1.503176855396866074e-01,2.182780604114041623e+00,3.272966720670686058e+00,5.377959206608244003e+00,-2.258378708749833095e+02,-7.971045654312565603e+02,-1.582057571364344767e+03,-4.411039055230292433e+03,-4.350246325429376157e+03,-2.799112852339098026e+03,-1.646501252175594345e+03,-1.362257340210255279e+03,-8.959241841368911992e+02,-5.170140603549380103e+02,-3.467511059439584642e+02,-1.671810542928510586e+02,-1.707759331349901686e+02,-4.329270006134477171e+02,-6.936951127238085064e+02,-1.308446554125288912e+03,-8.564235768988314703e+02,-4.291088772298853655e+02,-2.273593438450971007e+02,-1.790915764060737274e+02,-1.033545819818515383e+02,-1.833461319196430850e+00,3.725061259692949989e+00
-4.302232574829133682e+00,-6.030074104463849949e+00,-9.338908342102854476e+00,-2.159099230234909328e+01,-2.616508935242097778e+01,-2.690714470502757649e+01,-1.852760081420552751e+01,-9.676929823028103783e+00,-1.148060230997970166e+00,1.084633841968508250e+01,2.217367579947443801e+01,2.024757035689876261e+01,-1.803623582082000354e+00,-2.992734470108135980e+00,-4.488210052660669191e+00,-9.710270354143375471e+00,-7.050087259813977880e+00,-5.376493833149059043e+00,-2.920831461483803793e+00,-1.908640164017104013e+00,-4.723111041534941990e-01,1.613255374913817874e+00,2.783216800926149759e+00,4.180934155697446641e+00,-7.665583869453712396e+00,2.158224789184896508e+01,1.317409410904874676e+02,5.742758201018150430e+02,5.651467558442964219e+02,3.056486846438510838e+02,9.550584781786892563e+01,-4.316587857302874909e+01,-7.685596741900735651e+01,-8.402570291036863637e+01,-1.551237900006335622e+02,-1.243287502276280065e+02,-9.968045881868101787e+01,-2.779892676285332982e+02,-4.583306469292961083e+02,-7.651120561292855200e+02,-3.576811757218738421e+02,-1.181473597099886774e+02,-5.678720055850703829e+01,-5.117465539620411619e+01,-3.141155865956102389e+01,1.229320077297745684e+01,7.578927518074010550e+00
-7.203036504155377884e+00,-1.094789493579922635e+01,-1.559183664082880227e+01,-2.904502792466615801e+01,-3.396734633900499034e+01,-3.456871588081133950e+01,-2.386995934385203100e+01,-1.218952414647810656e+01,-2.040942039899846350e+00,8.488379442137812703e+00,1.498938703946473083e+01,1.223706901111759748e+01,-1.824494862878175638e+00,-2.578242373737982263e+00,-3.878978448092407660e+00,-8.291275365091543392e+00,-6.689143463335614825e+00,-5.410907654484123697e+00,-3.513735337933614034e+00,-2.261742775434459674e+00,-6.352148980397238631e-01,1.262781511851725824e+00,1.854532674022555838e+00,2.718377660983641420e+00,-2.083792029561200252e+02,-7.225373285990790464e+02,-1.118077446988034353e+03,-1.832865276145195821e+03,-1.267684905522386543e+03,-1.142047944205265594e+03,-1.015979984250070629e+03,-1.005566770705845556e+03,-7.694585910530313413e+02,-5.398174896753316716e+02,-5.010619834344252013e+02,-3.453728452814007142e+02,-1.288683085900748893e+02,-3.265342814758594159e+02,-4.893996405743141622e+02,-7.633663190681672859e+02,-3.807643926730111161e+02,-1.938701621842046734e+02,-1.363597691208645983e+02,-1.327844684154176775e+02,-9.309296693969690750e+01,-1.128312311406057233e+01,-4.180780290882125882e+00
-7.388390972265696632e+00,-1.088617637186746379e+01,-1.722684389973395014e+01,-3.476766820189396867e+01,-3.948513748805240198e+01,-3.570335170670364278e+01,-2.543659273667242360e+01,-1.541210899512569199e+01,-9.101183322516419594e-01,1.501014838643396843e+01,2.902122881295785817e+01,2.580480901655928960e+01,-1.412215657359526588e+00,-1.896489753749673213e+00,-3.395919550848102375e+00,-7.675647094240098056e+00,-5.871878762630231563e+00,-4.048783411165338464e+00,-2.085210909991548789e+00,-1.212332141445340739e+00,3.887592897582425877e-01,2.940846195940059360e+00,4.258919017127777096e+00,4.914925145351672242e+00,-2.340270729575859150e+02,-8.601213177331701445e+02,-1.487513836893358530e+03,-2.916596924174751621e+03,-2.207471750492764841e+03,-1.499490759082400473e+03,-1.270803542210976957e+03,-1.357371697611280979e+03,-1.062034636758033230e+03,-7.479238487844831980e+02,-6.211306307872791876e+02,-2.844283038209177903e+02,-7.906549609045828220e+01,-2.017087868531027652e+02,-3.297641938928359195e+02,-6.121279628155707542e+02,-3.608451512411402291e+02,-1.621460238846159427e+02,-1.144844486402289476e+02,-1.355503459764661329e+02,-1.036375141494712580e+02,-9.063553235162999044e+00,3.409920554499336731e+00
-9.097078631830314066e+00,-1.576076735203297119e+01,-2.403095051243377611e+01,-4.561019290436195206e+01,-4.389645615976314730e+01,-3.537502837549999413e+01,-2.092810043471195058e+01,-8.657296439465341109e+00,4.436490209696131615e+00,1.833111588462928410e+01,3.460254472362571221e+01,3.390476958758745241e+01,-1.043171465533788478e+00,-1.812710182040333962e+00,-2.652606767245682562e+00,-5.969340701255568149e+00,-4.925012792885425483e+00,-3.683143998612976588e+00,-2.028095769772242818e+00,-9.238419438177700727e-01,4.525997844397622316e-02,2.517933167552255824e+00,3.911947752280518387e+00,6.032688965023075056e+00,-3.646043566281396124e+02,-1.395054341986007785e+03,-2.326987156852916087e+03,-4.062545689423233853e+03,-2.501392819475429860e+03,-1.438856273265057098e+03,-9.619172871070295514e+02,-7.535938347342525958e+02,-4.328601959811094275e+02,-2.833520014969881231e+02,-3.759836002981373895e+02,-2.812690770130934652e+02,-7.211961395415539755e+01,-1.887716497932499351e+02,-2.971145395425414790e+02,-5.076094386908416709e+02,-2.667357922379223965e+02,-1.094157204155642376e+02,-6.273820078962671687e+01,-6.359001602784155693e+01,-4.253184973625945986e+01,4.321368049033139869e+00,-1.460897244850912102e+00
-3.806894302900403204e+00,-7.788552352257894995e+00,-1.578851399776326048e+01,-4.401460715223930720e+01,-5.466452518354870449e+01,-3.886624373166461055e+01,-1.602715137392178235e+01,-3.402614405612268911e+00,9.470026941068937276e+00,1.873805071531256772e+01,3.010454901877862710e+01,2.641785083275675561e+01,-1.688136844283366855e+00,-2.556567170795229771e+00,-4.183531349697311441e+00,-1.076725665059663584e+01,-9.491465151425884983e+00,-6.505473969976431903e+00,-2.912384742911871882e+00,-8.451757313618131207e-01,1.016131017437457373e+00,2.313742331679859987e+00,2.992528856347693278e+00,4.545911104150949456e+00,-9.577836958892612529e+01,-4.835580616815968824e+02,-1.222871197071075585e+03,-3.359546978373204183e+03,-2.588312691314647964e+03,-7.131497523506477592e+02,2.652203156904961361e+02,7.911606528678330505e+02,1.027488349720782935e+03,9.473218995510142122e+02,8.126754655536642531e+02,3.793086668281944185e+02,-1.188501293706987099e+02,-3.348839126349803337e+02,-5.945370721415183652e+02,-1.145000281138901300e+03,-6.497668489628176758e+02,-1.786210432164384656e+02,1.400605365497722232e+01,9.389546300858773975e+01,1.229221221499949479e+02,9.415873387333863320e+01,3.589080735873005779e+01
-9.863559684996090482e+00,-1.690769098259497127e+01,-2.370479818489434365e+01,-3.906798149702262890e+01,-3.387035509421386337e+01,-3.180515603269233793e+01,-2.178317340676855451e+01,-1.369880321249777921e+01,-4.609668564698097271e-01,1.719984716324015039e+01,3.243902021051387408e+01,3.420057579664648983e+01,-2.476943495496259473e+00,-3.746224934966262410e+00,-5.211480375513186658e+00,-1.049651751991424931e+01,-6.957985379542016346e+00,-5.285937170297735577e+00,-3.159287814005740103e+00,-2.403860527929762014e+00,-7.238769483180806930e-01,1.519144425564078915e+00,3.149216463923234954e+00,5.730740601797405631e+00,-4.025569760265007062e+02,-1.512996372884908851e+03,-2.340710105430527619e+03,-3.045250335186392476e+03,-1.120593332781616482e+03,-8.731232955449777364e+02,-9.679548260914652928e+02,-1.068401482790730370e+03,-8.278751914072545333e+02,-5.794197612853804458e+02,-5.154087704425246557e+02,-3.474230121633872841e+02,-1.776476045213669295e+02,-4.708870804992359353e+02,-6.970162409084823594e+02,-1.017298322834326427e+03,-4.427238448659863934e+02,-2.008094194888572019e+02,-1.438460282312283880e+02,-1.408734219959608254e+02,-9.550158146100125123e+01,-1.578147683201245854e+01,-8.376026398375785220e+00
2.717990025302242429e+00,3.059761085040548778e+00,1.043660434659045677e+00,-1.679256028161745462e+01,-3.722820500429804724e+01,-2.824668027149130012e+01,-7.792700668766315175e+00,3.676063172897983122e+00,1.352468265763573640e+01,2.455495225750547661e+01,3.418303401469050584e+01,2.754171797655722287e+01,-5.005655050005408668e-01,-5.842486299145228656e-01,-1.294871239539222785e+00,-5.231075380199989411e+00,-6.379258110296174067e+00,-4.518563098554871260e+00,-1.471242454629912544e+00,2.190384007641199560e-01,1.764561147697309096e+00,3.349804667805988956e+00,4.169032595746887893e+00,5.120638050054699519e+00,2.416470758223881603e+02,8.782495538171406224e+02,1.055437717603177589e+03,1.489680189374557813e+02,-9.367533274021225225e+02,1.067434225000633887e+02,9.032144012516600924e+02,1.412764639996217738e+03,1.612691309369860392e+03,1.502932797671541266e+03,1.356415003610175518e+03,6.971095410150678617e+02,-1.176690924550439377e+01,-3.457195896964367421e+01,-1.329532737838721914e+02,-4.529573282579149236e+02,-3.368054120176971082e+02,-5.523391748961876146e+01,9.035536328466309897e+01,1.580928721241630228e+02,1.757011968353237990e+02,1.362609406687604405e+02,5.829590144355501025e+01
-2.079929232299093655e-01,-8.980414796052116344e-01,-2.591286489205913313e+00,-1.766848638639675073e+01,-3.706784854456452649e+01,-3.548464322600773357e+01,-1.357961256980556186e+01,8.308998455943395811e+00,2.525519937622360089e+01,3.900767038640981355e+01,5.102100018890193667e+01,3.966966350862175261e+01,-4.952918513554749325e-02,1.492912932950751781e-01,-4.006196796391279236e-01,-3.727616796998788118e+00,-5.409375554298989641e+00,-4.108992580207978307e+00,-1.140192488809709914e+00,1.464093778813118973e+00,3.215333210893712490e+00,4.911403501241553116e+00,6.443028878837484541e+00,6.947656121733457368e+00,1.062470332521097589e+02,4.550192592619659990e+02,6.405031755824566062e+02,2.022830101327417651e+02,-7.695498214365870808e+02,-3.055943718720554898e+02,4.983745279925060458e+02,1.177066570385355590e+03,1.444959317993985678e+03,1.324780707632138729e+03,1.114073583003979365e+03,5.577434271509732753e+02,-4.219411000369291287e+00,-2.477237514103990179e+01,-1.007062057100256425e+02,-3.327356396186460188e+02,-2.618729959969568881e+02,-9.025668598344168458e+01,3.882973822669259789e+01,1.240170604263512359e+02,1.515605900204193404e+02,1.220692679529500992e+02,5.195749299205385796e+01
-1.269268313501214607e+00,-1.724434414229989443e+00,-7.699021740411211567e+00,-3.713839911913731839e+01,-5.794964582019815680e+01,-4.283140511174525500e+01,-2.034606581363090072e+01,-1.050372235986304759e+01,2.323663279464170728e+00,1.637394278609991716e+01,2.793289613046273701e+01,2.747337221487281056e+01,-1.484668417503893778e+00,-1.740087834829569857e+00,-3.280327179942933213e+00,-9.779527321063561374e+00,-9.619502175263932031e+00,-7.257880078474734376e+00,-3.552712267614836605e+00,-1.995285061960711204e+00,-4.827052524451467264e-01,1.741656937867832156e+00,3.357181505577646163e+00,5.156154760061157916e+00,2.592505990353629386e+01,2.543818369254768186e+02,2.536661303833461716e+02,-1.298208937895593408e+03,-2.527738736041097582e+03,-1.370033962227296797e+03,-4.857152505128760822e+02,-3.142056860427892389e+02,-6.263604882144500152e+01,5.068880786006593553e+01,-2.750168733565806178e+01,-9.209132790667536028e+01,-8.745680191907649714e+01,-2.015470658114531943e+02,-3.379960849388094175e+02,-7.607748453258591326e+02,-5.817510049551174234e+02,-2.455632895795231434e+02,-8.087143549622237515e+01,-5.120401687954245062e+01,-1.649177167172456393e+01,2.274666300451349343e+01,7.732754523822279680e+00
-5.966595359927580944e+00,-1.044319908947691999e+01,-1.703746129395435105e+01,-3.491278601614044419e+01,-4.006604037549394093e+01,-3.559699107221561576e+01,-1.707538581020025958e+01,-3.724818604054974003e+00,1.142195107324707237e+01,2.555629925199934860e+01,4.390584223179321555e+01,4.558026998390212725e+01,-1.470689092973669787e+00,-2.397327618432170127e+00,-3.575087345504375236e+00,-7.726177084455045474e+00,-6.180017545035987325e+00,-4.592400488212661003e+00,-1.855372016625516096e+00,-1.246475971828395757e-01,1.499349421124650306e+00,3.969381864469804455e+00,5.208706359654662776e+00,8.422706401367838325e+00,-2.024435456492656158e+02,-7.929518351127171627e+02,-1.352027698533576768e+03,-2.396704418706081924e+03,-1.642737089771217143e+03,-1.019045079032770445e+03,-4.727493697453082859e+02,-1.099058502559564658e+02,1.887531952650224412e+02,2.966289798505385988e+02,2.702903862921693872e+02,1.125546567453361604e+02,-9.422007487174005291e+01,-2.483929864063718469e+02,-4.005914661182750933e+02,-6.938527683405054631e+02,-3.757545910208036730e+02,-1.476322665368882099e+02,-4.143017089151203436e+01,2.136437227016813267e+00,3.027390672704950703e+01,5.601490681493214652e+01,2.536160462473188204e+01
5.283439215642403042e+00,8.180184849954599713e+00,1.353679400404035960e+01,2.774465554006621915e+01,2.323891016175360846e+01,5.300214495632729950e+00,2.903895004871515084e-02,8.813524595970960718e+00,2.287253110450751592e+01,4.168854210844452268e+01,6.086346877401966537e+01,5.712689621187850264e+01,-3.537171292452256921e-02,-2.562026714024945306e-01,-4.558484953273769236e-01,-8.002131488710375606e-01,5.220442252017178930e-01,2.193480237284610723e-01,-1.292529618117121970e-01,1.532872566124790836e+00,3.394459595347742109e+00,5.333844761466265183e+00,7.276139819658833829e+00,9.629322681417631813e+00,3.539449559237486937e+02,1.325501745913519699e+03,2.457741845746149920e+03,5.696045075024274411e+03,4.812638949438503914e+03,2.797131848664905192e+03,1.466047871106446109e+03,1.356642991618482483e+03,1.326728286337629470e+03,1.191505520489236005e+03,1.068509224546498444e+03,5.893901239296851600e+02,1.002241095423357820e+01,-5.107909818495045329e+00,-4.232834068876445599e+01,2.691079487155911920e+01,2.116727244654384776e+02,1.934639433842257858e+02,1.180815677007501563e+02,1.248006981545966028e+02,1.312249071217011078e+02,1.154096863073274335e+02,5.120513261485888279e+01
6.415666486214618658e+00,7.875620117943896048e+00,1.057721953200442044e+01,2.839165492298286608e+01,2.854185948626786740e+01,1.483992992228854746e+01,9.930104023978060468e+00,1.509162396001144657e+01,2.525572222973414682e+01,3.542612414707602397e+01,4.751236144509927328e+01,3.805684755375280304e+01,1.506918599865514352e-02,8.066371643094782939e-02,-8.478181801815054541e-02,-3.961370117379416911e-01,1.577667900903286125e+00,1.729646134721132711e+00,8.762685823058014023e-01,1.982855732686168437e+00,3.152232241192949758e+00,4.555392205141691520e+00,5.732792515382897136e+00,6.441910716441663354e+00,3.677992018961085705e+02,1.265048329139050111e+03,2.212585665871953097e+03,5.217586361581365054e+03,4.718502230098714790e+03,2.949406093258900000e+03,1.750707760763620172e+03,1.800428275278398360e+03,1.810041447829153185e+03,1.627409906216022137e+03,1.456606215095182961e+03,7.953033246639683966e+02,1.258870012525051152e+01,-6.411967249314784567e+00,-4.325467466948566653e+01,4.901478565446632274e+01,2.609281558748734824e+02,2.458692389644561445e+02,1.796578799151839121e+02,2.007688525210805892e+02,1.956315772809825830e+02,1.524624054639468795e+02,6.837131629633552166e+01
-9.180079096886970547e-01,-1.547670681596997611e+00,-6.061688331116386053e+00,-3.800241371005751034e+01,-6.526870864143688777e+01,-5.112115961179924284e+01,-1.736957574185001363e+01,5.690755157166620393e+00,2.410664881731213427e+01,3.855505668363977634e+01,5.993724656550641328e+01,5.141880921415484806e+01,-8.950857246632821784e-01,-1.126361661680753912e+00,-1.959644599245009999e+00,-8.004534811065845190e+00,-9.896572578567724321e+00,-7.728005494863346314e+00,-3.021479598720990367e+00,7.056856816474486038e-01,3.223300346240643321e+00,5.047145269859631966e+00,6.638439279113097058e+00,8.738204943047351847e+00,9.159827137955426224e+01,4.522470108761554002e+02,2.496037032830718090e+02,-2.455263826742855599e+03,-3.765071078662367654e+03,-1.772780221472223275e+03,-7.731869307114902767e+01,6.538925882549428934e+02,9.025310640326879366e+02,8.183926641046491568e+02,7.109586709978684667e+02,3.968537317295076718e+02,-5.565288845735142331e+01,-1.487669233962778890e+02,-3.409269292353624223e+02,-9.601889599176074626e+02,-7.593594860162256737e+02,-3.079588625297992621e+02,-4.660393170214433667e+01,5.544936637119940315e+01,9.252005689675092981e+01,8.634226339910605930e+01,3.667860981708648183e+01
-1.033400894655841284e+01,-1.585238674207354848e+01,-2.520932557273798125e+01,-6.097829438562524729e+01,-6.974514276155764492e+01,-5.040987685743672841e+01,-2.324358850571471180e+01,-2.370313285253700997e+00,1.250654048362144977e+01,2.773567739559578627e+01,4.714479696133496134e+01,5.093305681615048286e+01,-2.367884676175558312e+00,-3.567095818968843091e+00,-5.205871386209850016e+00,-1.201055818833228273e+01,-1.065809330078963058e+01,-7.178891941396425835e+00,-3.113927661112526835e+00,-1.184510789609511505e+00,1.039983000834224569e+00,3.644456209097162613e+00,5.312480131595272326e+00,8.627344368425946541e+00,-3.779467901590824113e+02,-1.384345229463606302e+03,-2.520522520514561620e+03,-5.735410703720743186e+03,-4.709265398008570628e+03,-2.450902869075451235e+03,-1.157939210872335025e+03,-8.193055723340639815e+02,-4.891225198126667237e+02,-3.051050863412847320e+02,-2.518507815880084308e+02,-1.218860639910271857e+02,-1.566181066998532287e+02,-3.915401137649178054e+02,-6.336037525981319050e+02,-1.209050121510118515e+03,-7.700008328073590746e+02,-3.150426724335372910e+02,-1.199902684189372621e+02,-8.376499429764703564e+01,-4.722097472602672497e+01,1.084843043922899142e+01,9.730314854362887900e+00
1.873448207381599673e+00,9.531293750510201335e-01,1.333421073160877768e+00,1.259143004436964475e-01,-7.045357342749184681e+00,-8.776771018576681627e+00,6.573010351190617939e+00,2.282728657612412348e+01,3.746099475479917373e+01,5.164010041267468409e+01,6.814421787980860756e+01,5.545631699110809620e+01,1.833360048314816027e-01,1.305327568783205550e-01,-1.196884866864493802e-01,-1.003901324589740796e+00,-1.196464330991915404e+00,-2.424198885418462623e-01,1.175423892700784734e+00,3.244889288903554103e+00,4.841239092197332283e+00,6.946797724694130594e+00,7.652824695671530009e+00,9.385157766150181047e+00,1.602615307213322922e+02,4.656890768849316373e+02,5.764046082892054983e+02,9.576039034079003613e+02,1.137854718207363476e+03,1.419355521317791499e+03,1.591819743228918014e+03,2.045067908325696408e+03,1.981816996893609030e+03,1.605966411554933075e+03,1.234798859552513932e+03,5.474643100533944562e+02,1.289223129593392514e+01,4.271816936750838067e+00,-6.139600655438425747e+01,-1.593338384843555104e+02,2.154685268666071352e+00,1.266813230156171812e+02,1.699998843856528765e+02,2.194934634000990172e+02,2.016089521480487292e+02,1.280760774771584920e+02,5.018308966788902126e+01
2.744510169175768510e+00,4.092031421257075863e+00,3.519675057431527421e+00,-1.130256864438513276e+01,-3.158675444916690367e+01,-2.833395095039202261e+01,-1.031599488564717149e+01,3.587415639621070795e+00,1.825095473081336195e+01,3.482319202481829734e+01,5.555944841369132803e+01,5.365292090451960405e+01,-6.097589983150282222e-01,-8.277712557504983693e-01,-1.659515086451474275e+00,-5.296392828543709186e+00,-5.895990312899293428e+00,-4.744054196361389586e+00,-1.964164678650227813e+00,3.247571491172003277e-01,2.360177620987064628e+00,4.514996313864722666e+00,6.705810276119699154e+00,9.157170178934316951e+00,2.055155107405462331e+02,7.875161276762773923e+02,1.112149622981869470e+03,8.762184301004162990e+02,-4.383743181802419713e+02,-2.017631122289421910e+02,2.554679808157634398e+02,5.863010404207579995e+02,7.831535910675829655e+02,7.642545139265366743e+02,6.798473116046625364e+02,3.723434702719187044e+02,-2.332932652715408040e+01,-6.349736842829997840e+01,-1.519180295844594184e+02,-4.198515429876797498e+02,-3.054505081190036435e+02,-9.098070532584893044e+01,1.528018815788982465e+01,5.799698066729115453e+01,7.730197670537063459e+01,8.301786633881829403e+01,4.005527759809822896e+01
-1.496062018535840821e+01,-2.235814138982048860e+01,-2.939551883195636606e+01,-4.715614060355983383e+01,-4.061507566836630190e+01,-3.856558542495022834e+01,-2.711258305585675998e+01,-1.085148369642183752e+01,3.134417995903930887e+00,1.783068290005513745e+01,3.210650970113989899e+01,3.381448864509552266e+01,-2.272485023082380096e+00,-3.450843652650194215e+00,-4.757937465737249738e+00,-9.127659527054731825e+00,-6.450703405919963274e+00,-5.544620069836781795e+00,-3.559827637169600933e+00,-2.231280809688833244e+00,-7.528115957057934793e-03,2.590174988396567457e+00,3.960555441193175596e+00,5.998893635409624281e+00,-5.314060461040730843e+02,-1.738539596913100468e+03,-2.404991972804014949e+03,-2.963266312032057613e+03,-1.227322353497234872e+03,-1.041061096957944756e+03,-9.838233751947864221e+02,-8.071501902763739054e+02,-4.390372155738241418e+02,-1.828619663290310200e+02,-1.022354673365298368e+02,-5.784843665889229669e+01,-1.481069118895522934e+02,-3.701929474785288221e+02,-5.463168996307176712e+02,-8.218803853787803746e+02,-3.741312499182636202e+02,-1.817768810880668298e+02,-1.236134762060040657e+02,-9.910808799418146009e+01,-5.035042228557881572e+01,2.175028196581320117e+01,1.364771189838245391e+01
-4.992203931954307450e+00,-8.608787059332414060e+00,-1.339417283820273497e+01,-2.881508253200865965e+01,-3.504805385808404594e+01,-2.785490104930514121e+01,-1.158477708756879565e+01,6.462131881277173306e-01,1.536088413427015098e+01,3.138409228290109354e+01,5.284398331064490151e+01,5.120556825605343931e+01,-1.455179834771904268e+00,-1.537671073450528780e+00,-2.614155786938884063e+00,-6.620949977339520842e+00,-5.409265180672708340e+00,-3.725571336454269300e+00,-1.432100005135758636e+00,3.615798265475689277e-01,2.152428369380396944e+00,4.499662140225185070e+00,6.065501775036580057e+00,8.476260204779753948e+00,-1.368474389097996209e+02,-3.716404561615890998e+02,-4.994135057172425149e+02,-1.011006844330018794e+03,-8.901003031162908883e+02,-2.654286873708806525e+02,2.217395880144576950e+02,6.362553346232798503e+02,9.451558079698170332e+02,9.426378059864709940e+02,7.987265878290381806e+02,3.895204691015251228e+02,-7.792336002582351284e+01,-1.867054690726124591e+02,-2.846764166902103170e+02,-5.121379937829469782e+02,-2.927762173542118944e+02,-6.867738989596068677e+01,3.998173268270397784e+01,9.373047323487503490e+01,1.154888133334620761e+02,1.044908707641772025e+02,4.552914680645130829e+01
-4.296588897228929227e+00,-7.108851701626477393e+00,-1.017984161532604048e+01,-2.322933516640182461e+01,-3.074683277941474557e+01,-2.463797661158756114e+01,-9.293256622000370726e+00,5.522355944741548228e+00,2.224162230477463709e+01,4.121127345928394448e+01,6.226896419942313798e+01,5.609345888626172894e+01,-1.710166389871977444e+00,-2.236701442573199472e+00,-3.255624805529457433e+00,-8.401729071809711513e+00,-7.245356213073229412e+00,-5.142473932321241392e+00,-2.453032443425474440e+00,-6.994401299403918415e-02,2.242416783793180102e+00,4.919277222614036660e+00,6.988659652130888134e+00,9.206378107400317035e+00,-7.901461179293437453e+01,-3.681554063122712250e+01,1.659022022289900633e+02,2.130546730931309867e+02,-9.866434834676692844e+01,1.389297117063997575e+02,3.754361471046941006e+02,7.080851226317554392e+02,9.850020986890776840e+02,1.010731851250469845e+03,9.880636195295364814e+02,5.825537163120684454e+02,-1.057744492609738245e+02,-2.730265298339872970e+02,-4.463420540120250735e+02,-8.144250231004207308e+02,-4.531422212405354912e+02,-1.447993936724014929e+02,-1.342065417794947280e+01,5.580748766382544090e+01,1.003726756610014945e+02,1.031561023742253838e+02,4.663521870049606832e+01
4.168139701877024095e+00,6.235744870969455178e+00,9.239551208391731052e+00,1.146156550737742918e+01,-2.109507489897055166e+00,-1.148942152615634882e+01,-7.200210963436319389e+00,-4.185833407154859742e-01,1.430597327672339247e+01,3.057645846489472774e+01,4.939845331860045974e+01,5.044793699409308374e+01,-4.643490840753763393e-01,-7.612649844725041248e-01,-1.112986333760389357e+00,-2.909150736571945117e+00,-3.119264217042726273e+00,-3.183791123527150546e+00,-1.581245816477935051e+00,-1.187348473491809386e-01,1.546296072313365855e+00,3.566672163180372834e+00,5.073231811743291075e+00,8.288481331263129803e+00,3.086013106731406879e+02,1.249958820487867342e+03,2.243666227385747334e+03,4.251276606800631271e+03,2.622279894104412961e+03,1.053471365224742840e+03,4.671071534862294357e+02,5.360493290036774852e+02,5.976977553385240753e+02,5.693981977051771537e+02,5.361582369670504704e+02,3.508942937385195364e+02,-7.775737147800668936e+00,-2.360042781246193044e+01,-6.723929252219159025e+01,-1.360052605640667025e+02,-2.025759246994857676e+01,3.317608338562058634e+01,3.832691309661436208e+01,5.883867725417371730e+01,6.772937908049675571e+01,7.212248086084855458e+01,3.567703561782045085e+01
-1.079905491783335947e+00,-1.104701724854720624e+00,-2.710671605843572252e+00,-1.277978057503150922e+01,-2.681715745913189153e+01,-2.331985796744217510e+01,-7.276529194440797710e+00,5.503856291898443942e+00,2.207593631523550926e+01,3.246192723745011222e+01,5.193757707308405713e+01,5.035611745961888630e+01,-1.460231518883414736e-01,-2.412265592422286886e-01,-2.483924492218605451e-01,-1.967526325288027067e+00,-3.073167968661138616e+00,-2.465202185767918053e+00,-1.060815001750725628e+00,1.471674175123755646e+00,2.952391611176173214e+00,4.772522635209655917e+00,5.981678965053358610e+00,9.033905362811976758e+00,1.116541527668268827e+02,4.579025622399694839e+02,5.352550570109524415e+02,5.356893179088365287e+01,-5.252332329293276416e+02,-1.353264819674404862e+02,2.265799444167369074e+02,5.807508024435555853e+02,7.711539199007966090e+02,6.546668341200311261e+02,4.096202049939993231e+02,9.608942312399312868e+01,1.536565836825775477e+01,3.999027971326859188e+01,1.962742235968562454e+00,-1.506640951795197907e+02,-1.219890543221213193e+02,1.157140229600258863e+01,7.106426852790559678e+01,9.633181551521761321e+01,9.559515403523982968e+01,6.775542563474903091e+01,2.453559269016705002e+01
