-3.225054638400422391e+00,-5.615628097962769516e+00,-9.969479813540402802e+00,-2.622590510950732323e+01,-3.764335243011180410e+01,-3.138499920104536045e+01,-1.391756737821410184e+01,7.510792311184104619e-01,1.892897168339047198e+01,3.433749816006366018e+01,4.267315754730091726e+01,3.071492029848053562e+01,-9.060812819931829409e-01,-1.376895367107621837e+00,-2.222512735645342019e+00,-6.332513375385545373e+00,-6.468510604245015116e+00,-5.402843223850105403e+00,-2.330392226249319521e+00,1.607299010216891588e-01,2.228295796367810055e+00,4.342392396749918504e+00,5.607700298677329442e+00,5.120136117253064612e+00,-1.995555357291323162e+01,2.187555066321874619e+01,1.378558436715320568e+01,-5.358238809885333467e+02,-8.804559836407352122e+02,-3.403059887980598432e+02,1.424153624303198740e+02,4.635109326759302348e+02,6.504922175372503261e+02,6.273571100541776104e+02,5.686361599746260254e+02,3.021815660218776429e+02,-3.369255387621387854e+01,-9.963665724124211920e+01,-2.216349413797338457e+02,-5.402337759422089221e+02,-3.441978412017756455e+02,-9.668671291388022837e+01,1.981287758726193715e+01,6.808704006598418346e+01,8.635031953059933585e+01,8.551942239243362565e+01,3.990840364832666864e+01
-9.028705777858945680e+00,-1.370437328766570317e+01,-1.891609957442028644e+01,-3.616113898169788854e+01,-4.142422932610111275e+01,-4.019271354636791216e+01,-3.053105783508073046e+01,-2.048676634449552125e+01,-4.412595789438000793e-01,2.503656946009397188e+01,4.582435969941894882e+01,3.923204539820127934e+01,-2.136682803867310909e+00,-3.166345560687036098e+00,-4.776937124916351252e+00,-9.836017144896572972e+00,-7.536769480389487796e+00,-7.077023388192397846e+00,-4.666340874343127609e+00,-3.453368138988487601e+00,-7.981834948639772165e-01,2.694332255730067516e+00,4.510214986986287755e+00,6.385633377244577247e+00,-2.256034550322965515e+02,-7.032534165590459452e+02,-9.103539951317980012e+02,-1.107980501949081372e+03,-7.608513167091550713e+02,-9.195547425505155843e+02,-9.136607795933159650e+02,-8.397027826041521621e+02,-4.718731387544139579e+02,-1.869125983407147942e+02,-1.227194062410208062e+02,-2.727252797121218464e+01,-1.090027888484723917e+02,-2.804384443979595289e+02,-4.152950882198142608e+02,-6.355524545326161387e+02,-3.148361674044804204e+02,-1.660864939208013311e+02,-1.143642391128607869e+02,-9.757872265428954961e+01,-4.922814294106876787e+01,2.315881161261575016e+01,1.645710043917699750e+01
-8.933915427888592831e+00,-1.546245589070220205e+01,-2.398423200252452148e+01,-5.175409195466170331e+01,-5.874333802217648781e+01,-4.861986384164208630e+01,-2.668142959785146218e+01,-9.169780687876965430e+00,1.474191130046799003e+01,4.077949158852669598e+01,6.372640780495964918e+01,5.788605717405511086e+01,-1.172101033205747100e+00,-2.122477122843655195e+00,-3.331041831323162228e+00,-8.188304489609933512e+00,-7.330978090634697963e+00,-6.571717156393077630e+00,-3.273820259141650979e+00,-4.972094311223465013e-01,2.205450928928751608e+00,4.900325641833674695e+00,6.743571760476466892e+00,8.541584619347027285e+00,-3.064726366622667229e+02,-1.189089883217469833e+03,-2.191753357253592185e+03,-4.581400477314247837e+03,-3.314701950855549512e+03,-1.913522059590633944e+03,-1.057004611471624230e+03,-7.431134948698090739e+02,-3.660462523375827004e+02,-1.537739816150951810e+02,-1.817242673332648337e+02,-1.626516820401634504e+02,-7.175516019561587200e+01,-2.058077969004452825e+02,-3.798681821331297215e+02,-7.765235569976980514e+02,-4.720426964010266602e+02,-2.068114159527956417e+02,-9.280750221469770622e+01,-7.209904120103442438e+01,-3.934523879476262209e+01,1.510997635265880490e+01,8.393744772440726365e+00
-1.316464738324881978e+00,-3.794946205327391908e-01,-1.584922285649724927e+00,-2.629990674777332060e+01,-4.937553560012881348e+01,-3.740424227295602577e+01,-1.046997051673656642e+01,8.276382673255170630e+00,3.155363783002403011e+01,6.415446062983360775e+01,9.375757914452526620e+01,8.925540210905148797e+01,-2.163726127316207837e+00,-3.059257400309444819e+00,-4.353262123191644406e+00,-1.094189870252422025e+01,-1.053863770072995010e+01,-8.316322794684705144e+00,-3.880012305787651883e+00,-1.041437594670956202e+00,2.904234500870082059e+00,6.409711726994700598e+00,9.362732427576759164e+00,1.254109223658572603e+01,6.826945979540778353e+01,5.016517211509180925e+02,7.693803360765305115e+02,3.224588299228344113e+00,-1.223356333171705046e+03,-3.119995758246714104e+02,5.420639583172396669e+02,9.011576355851993867e+02,1.023882082195277690e+03,9.531519097151813185e+02,9.698441920506793394e+02,6.247781281200909689e+02,-1.183690881726681710e+02,-2.884382712449712471e+02,-4.743383573498781516e+02,-9.442453959743647829e+02,-6.116203420917211133e+02,-2.352461217994728031e+02,-4.281018798808463544e+01,4.012423977225057570e+01,8.497032768012354609e+01,9.322228922181966482e+01,4.642107419798651335e+01
-8.184549203894420089e-01,-2.589724315309098301e+00,-6.025403477795578056e+00,-1.320647261434294251e+01,-2.073906130353611843e+01,-2.482944067361256657e+01,-1.638737942688413796e+01,-6.169796865790971196e+00,7.701115166120700906e+00,2.269259983964181515e+01,3.374959036775911159e+01,2.665022666164327347e+01,-1.154401761038556629e+00,-1.958198394212644189e+00,-2.986333198820851464e+00,-6.598584100468436020e+00,-5.324309597647946646e+00,-4.837293652076787964e+00,-3.326047387345113293e+00,-1.064178503922509123e+00,1.052876692362229250e+00,3.096534654822310273e+00,4.334844567516956459e+00,4.806110560999835357e+00,5.267787841149538508e+01,4.620669370720497682e+01,-1.038124787022243254e+02,-3.302381291552046605e+02,-1.820568189989826351e+02,-9.704665330289026315e+01,-1.703036620658531319e+01,2.147174179367357283e+01,9.356962746544741094e+01,1.184363361825808170e+02,8.798429008190760214e+01,3.499881044677977115e+01,-5.711029033452280146e+01,-1.818895535809465400e+02,-3.365865709535705719e+02,-6.014055839394459326e+02,-2.788416151281617203e+02,-9.038435694067288750e+01,-2.602478839056334436e+01,-1.110945975141135023e+01,5.839799952829025642e+00,3.523449302131746208e+01,1.957730139861894259e+01
-4.301873044116916844e+00,-6.464405809408205528e+00,-1.077563960621841943e+01,-2.844320366017075230e+01,-3.973301051451738886e+01,-3.450462949142459479e+01,-1.787510043771533219e+01,-5.781063595137140965e+00,6.645149573030323609e+00,2.243706046140388821e+01,3.631609060537061850e+01,3.648902869873060695e+01,-1.148936475624642739e+00,-1.653582422599541246e+00,-2.437199041090821083e+00,-7.263953814459824798e+00,-6.481693791538024385e+00,-5.230394070532110362e+00,-3.222300347971359002e+00,-1.016040622580860031e+00,1.135002274910331010e+00,3.712792167151530265e+00,5.420986785640160122e+00,6.597813357868840711e+00,-2.575545412724204652e+01,-4.271327924528850417e+01,-2.179275578842825780e+02,-1.101146921178951743e+03,-1.106863730519668024e+03,-3.869620963689631026e+02,6.165648081865219865e+01,3.568020024255529279e+02,6.445217008277268178e+02,7.083756042629538570e+02,6.587775817097544859e+02,3.298518658276548194e+02,-5.555274396613492627e+01,-1.540661926749951363e+02,-2.850219823565180377e+02,-5.868211101149663591e+02,-3.473803208331032693e+02,-1.128278902956005822e+02,-1.474192245915924104e+01,2.836790221464889328e+01,6.519976162721627588e+01,8.737063540853819177e+01,4.098116612046163709e+01
-8.974376465179418005e+00,-1.458855476712417953e+01,-2.279362789683284518e+01,-5.644725775071907492e+01,-6.897471666839791737e+01,-6.082533513178049134e+01,-3.604671500122208272e+01,-1.663316122789893825e+01,4.967214194663455373e+00,2.650245801189680606e+01,4.339059726914803150e+01,4.149589706992944116e+01,-1.952740002388557272e+00,-3.340045126634992201e+00,-4.813298393906389805e+00,-1.156603664775676066e+01,-1.093707302243183577e+01,-1.007027521130411785e+01,-5.836185311454759272e+00,-3.550825896310055185e+00,-7.215822047940534389e-01,2.692859080136990713e+00,4.037130696925096629e+00,6.120381835382428193e+00,-2.932322828793817280e+02,-1.108217666346043188e+03,-2.098359423266498197e+03,-4.814642456835765188e+03,-3.890694441113915673e+03,-2.476792626397716958e+03,-1.508747153176906068e+03,-1.231585318448820544e+03,-7.930435454972430307e+02,-4.655115914170073665e+02,-3.519549533448607690e+02,-2.078586081043772538e+02,-1.256076107224182579e+02,-3.453575245681872730e+02,-5.876115062340213626e+02,-1.123889281569317973e+03,-6.981463505364808952e+02,-3.526766958645685008e+02,-2.022463312527203243e+02,-1.710435413231797384e+02,-1.077982883132458483e+02,-1.599589187080721331e+01,-4.273201385567233501e+00
1.238992744052737294e+00,2.300415400448486025e+00,3.562015121746526347e+00,-1.468325410046418256e-01,-8.335111129568019805e+00,-7.754945748778908410e+00,6.018631432614256482e-01,9.276666432253421135e+00,2.577566541956755941e+01,5.023663731075009764e+01,7.513423663423230892e+01,6.584307696741316818e+01,-8.316590522562830046e-01,-1.205233140843393613e+00,-2.127495965184227344e+00,-4.989169842902121843e+00,-3.955808530376273779e+00,-3.069786965605032947e+00,-1.269783164397338737e+00,3.457890712937796707e-01,3.115709757874942198e+00,6.193275678247360361e+00,8.103759924319852814e+00,1.012520468627934633e+01,1.895507532099086347e+02,8.487789097133463656e+02,1.527730350204677961e+03,2.918217098513610836e+03,2.060433415175150003e+03,1.645341066991008120e+03,1.389059398278444860e+03,1.569171568344216212e+03,1.559314032989155749e+03,1.353601032118398507e+03,1.172424437957392911e+03,5.961582136059464574e+02,-3.319960272964863179e+01,-8.233080913061553474e+01,-1.555174020772792574e+02,-2.867503860114447889e+02,-8.602819335277536084e+01,6.524092781146259767e+01,1.117441345680749691e+02,1.561358912465491358e+02,1.601066443487600282e+02,1.236506786335730794e+02,5.327330621463403304e+01
-2.407797027019825009e+00,-6.704718575773583211e+00,-1.152577256902318936e+01,-2.562275743105919901e+01,-3.261149628161558667e+01,-2.917484913001888458e+01,-1.290130027619372299e+01,-2.733081995473071402e+00,1.407217751792285299e+01,3.376964305206294625e+01,5.321507679795061563e+01,4.923426456078038882e+01,-5.492150026268109997e-01,-1.375571065380857050e+00,-1.853380594855657648e+00,-5.031166883540848289e+00,-4.701927691037507628e+00,-4.535191911165505019e+00,-2.454479426955135324e+00,-2.426981507075929301e-01,1.946151734653927434e+00,4.560169489235214257e+00,6.358506694737691589e+00,8.183787795079656036e+00,5.506325267581632943e+01,5.875094810305745341e+01,-1.847411378293800226e+02,-8.736761860917904414e+02,-5.183138330146757653e+02,2.065331207933286350e+02,6.138111177393657272e+02,8.979323277074090583e+02,9.509311490587206208e+02,8.244969539232497482e+02,6.935949454825758949e+02,3.431388674105587597e+02,-1.985185093467134720e+01,-7.747309975232860779e+01,-1.943154640939392266e+02,-4.377721185261461869e+02,-2.088448407888813563e+02,-6.726970841586535244e+00,7.109434633412547555e+01,1.021791805195041434e+02,1.032697938293511015e+02,8.545980445171494466e+01,3.750812293166870859e+01
-1.108723950341149589e+01,-1.706891590578253215e+01,-2.077515367880525332e+01,-2.248410437197196643e+01,-1.204718657281927108e+01,-2.184688037179680009e+01,-2.788592009605699218e+01,-2.676840605922348004e+01,-1.527834122263908512e+01,5.305659638169686332e+00,2.687200940211576494e+01,2.751813254042147605e+01,-2.342931644820925641e+00,-3.660496483867795803e+00,-5.046877633173856736e+00,-8.661894816318216783e+00,-3.104856104308709064e+00,-3.234550755642484177e+00,-4.166963674977012033e+00,-4.268455893876947016e+00,-2.698045446103794376e+00,8.124367256484603672e-01,2.600854151185860275e+00,4.556022823991181525e+00,-3.067313012805811923e+02,-1.111018791623338984e+03,-1.501808098470261029e+03,-8.134385454163420945e+02,7.313886300444246444e+02,-2.558379309755346185e+02,-1.239969811379418388e+03,-1.740627642497700435e+03,-1.575194521517375506e+03,-1.248889931887874809e+03,-1.201493002442363832e+03,-7.243814828485583348e+02,-1.359282738226945639e+02,-3.619693443788730747e+02,-5.188766525359110346e+02,-6.344706025911409597e+02,-1.629146428351559734e+02,-1.112154881543156080e+02,-1.736684536802290495e+02,-2.230381702688499672e+02,-1.810081195598344266e+02,-6.656486092400689358e+01,-2.793086456917279747e+01
-1.004037373337530425e+01,-1.623039386543830176e+01,-2.172094540306005683e+01,-2.973213806238481993e+01,-2.244252087929751838e+01,-2.692190643911450820e+01,-2.497100837281675467e+01,-1.502080326008965017e+01,-2.075528161704767172e+00,1.204983043832038447e+01,2.247098078905830221e+01,1.670694371305198445e+01,-1.323282804292567505e+00,-2.380717046504074119e+00,-3.367742540232100623e+00,-5.657706033842380577e+00,-2.817033122208236762e+00,-2.578292958361281251e+00,-1.970346852850376251e+00,-1.463910197209074227e+00,-3.386124541275918887e-01,2.159570083216870273e+00,3.262064776627770613e+00,3.117986531595633437e+00,-2.518181822749988896e+02,-1.040149586086481577e+03,-1.710511484115404528e+03,-2.288231444398414169e+03,-6.617825477026708541e+02,-5.387447539231088740e+02,-7.518793598483462119e+02,-8.393895149943746219e+02,-7.046685881134490046e+02,-5.409346691978744275e+02,-4.964649358287642826e+02,-2.317198520581787307e+02,-6.219651548721117251e+01,-1.886666809074822595e+02,-3.082982348808827737e+02,-4.186491650664011104e+02,-8.926382382381461866e+01,-1.744788873543507179e+01,-4.761559330706541004e+01,-7.871864491551764331e+01,-7.163764853018244594e+01,-7.516282493913990947e+00,3.403654221059639440e+00
5.045011118342259238e+00,9.007377092741421620e+00,9.075849365442337557e+00,-6.259629919206133764e+00,-3.092791747579212824e+01,-2.616106483632478330e+01,-5.369455092711575617e+00,8.334027452019540760e+00,2.422200886849819312e+01,4.204944311089451503e+01,5.638147060163012725e+01,4.422487283683136639e+01,-5.378831818647711316e-02,1.045763556036263253e-01,-3.827977977253027575e-01,-4.237221364280593150e+00,-5.646484203402273749e+00,-4.250182437507096012e+00,-1.176675449699594367e+00,7.212985576137427302e-01,3.067882965153454933e+00,6.059660952309968707e+00,7.342066552015126035e+00,7.188490092436243373e+00,2.716823448811469461e+02,1.015146109472780154e+03,1.408460892552062433e+03,1.108236947562494606e+03,-4.121266688085706846e+02,5.510014079485699767e+01,6.781715226779615477e+02,1.077456783336454464e+03,1.254504672081715398e+03,1.212925739013182465e+03,1.159474427391752215e+03,6.313999371303975749e+02,1.562510679722504392e+01,3.054253067434865443e+01,-3.345782622726392219e+01,-3.036113413069642775e+02,-2.759028573699911249e+02,-6.629237974774127906e+01,5.593690448295319584e+01,1.109581104052667797e+02,1.299540063951915272e+02,1.253576188445936168e+02,6.113593005964628446e+01
-5.105641439923374492e+00,-1.032387786175385713e+01,-1.473088724649755932e+01,-2.350732107999715481e+01,-2.475399793620496780e+01,-2.937390974488903339e+01,-2.378186372457332709e+01,-1.411854055625687465e+01,-2.327270065367770258e-01,2.073958444109004517e+01,3.485793857371240279e+01,3.250328025003646815e+01,-1.606402423906953203e+00,-2.671826691389423303e+00,-3.791480613086839924e+00,-7.425267755049524965e+00,-4.551670490470332453e+00,-4.631559200730283266e+00,-3.538753434325123237e+00,-1.813194626444346369e+00,-1.221515416506449014e-01,2.613234797155367772e+00,4.505535919562724700e+00,5.488330839077285361e+00,-1.018704457637650194e+02,-5.408195902930492593e+02,-1.000068977212435129e+03,-1.432994742653183494e+03,-4.932514006062738190e+02,-4.960515258875257132e+02,-5.962795776603979903e+02,-5.459233569525822531e+02,-3.409105311664116016e+02,-2.025386435766877185e+02,-1.746989849660412801e+02,-6.870724278217267056e+01,-8.035264963225654355e+01,-2.377026886597564044e+02,-3.886754748535327053e+02,-5.809277413543995863e+02,-2.153120456475435276e+02,-8.042644243297286266e+01,-5.978111152652604687e+01,-5.627409256288842698e+01,-3.441654640220701822e+01,1.909315847583036430e+01,1.507403831716942477e+01
8.928010919831876890e-01,-1.056986650572724784e+00,-2.849576174747880941e-02,7.842456856266721843e+00,1.015672701084110940e+01,-1.140588954624774942e+00,-3.912619424690035430e+00,-1.273118299331684966e+00,1.182528710294491248e+01,3.132346561385034533e+01,4.868519812130762148e+01,4.925252315132991043e+01,-3.650991020471447968e-01,-8.221675857270689391e-01,-1.087877374955915855e+00,-1.523412838861830210e+00,-2.928846421886888152e-01,-3.430767231594700206e-01,-1.067577040456999526e+00,-1.589274376276534895e-01,1.533190278716020316e+00,3.763992391880542243e+00,5.881338521712834222e+00,7.306102262303252104e+00,7.292149629594177895e+01,2.600481209097160900e+02,5.727992141015965899e+02,2.082582962853557547e+03,2.511026675367538701e+03,1.755932879002077243e+03,9.208726239270690712e+02,7.965543970562339382e+02,8.267127970020537759e+02,7.861314715279950178e+02,7.116735949613021148e+02,3.981732154483129307e+02,-1.101362975738743444e+01,-4.760053576363884531e+01,-9.712560268735933278e+01,-7.628170019222943665e+01,1.419624937668932034e+02,1.640766571130984630e+02,1.026076729340863949e+02,8.668559012475111558e+01,8.531646531141609557e+01,8.755664125730459091e+01,4.281668194248078407e+01
-5.112417932268016330e-01,-9.869111386501288052e-01,-2.426119801536373188e+00,-1.899269140253710475e+01,-3.607842578953585644e+01,-3.176340136527892355e+01,-1.411115474441788820e+01,-2.189549579442484628e-01,1.439405493424104066e+01,3.305493749773134482e+01,5.291358163325060104e+01,4.503191042667327793e+01,-1.984769204827122380e+00,-2.668938160765536693e+00,-4.288971115560837433e+00,-1.027083790527846219e+01,-8.376965662163190274e+00,-7.116662025541661052e+00,-3.847859527094477983e+00,-1.421032525718192829e+00,1.251902881573151660e+00,4.271203489466515180e+00,6.545770961366507379e+00,7.089034165747779781e+00,1.001593314998217465e+02,3.280033713898137648e+02,3.406414023846045893e+02,-2.502728117819133331e+02,-8.351085094364352699e+02,-4.500726132152085484e+02,5.433531908428267343e+01,3.161347599175678624e+02,3.712351433744479436e+02,2.660387949675632626e+02,1.554392991781351157e+02,3.929363624958887158e+01,-1.047491647226980831e+02,-2.775055101146081142e+02,-4.561034822782712581e+02,-8.377469137905745811e+02,-4.833282291754758262e+02,-1.983103835553517911e+02,-5.813006918138694346e+01,4.011412641843890015e-01,2.745778763479688678e+01,4.075833278202924248e+01,1.887089452155009894e+01
-6.443341341195605310e+00,-1.080961177750418756e+01,-1.530540209528510331e+01,-2.693942219190370224e+01,-2.781416772019815653e+01,-2.530560623225289874e+01,-1.042879016378577717e+01,6.620040839801788479e+00,2.646185540777986489e+01,4.554041455075272893e+01,6.019031422614116877e+01,5.016721754155454960e+01,-8.885288476673061098e-01,-1.043527413215851851e+00,-1.519631092595279398e+00,-4.160370369030438553e+00,-3.091774720894797213e+00,-2.368078579524464544e+00,-1.121290951934394542e+00,1.236464051588214375e+00,3.862512233836522313e+00,6.187735368711198447e+00,7.491942072925755980e+00,7.975737356395907085e+00,-1.265862540590592289e+02,-5.950478046372718381e+02,-1.196736198056310968e+03,-2.159820949022712739e+03,-8.893283358806947945e+02,3.848476654940532171e+01,4.516982375912011776e+02,9.171873727586280438e+02,1.150155911785013814e+03,1.086689017708145911e+03,9.878202228060699781e+02,5.846766695206101758e+02,-4.172506302544138634e+01,-1.218123711645048388e+02,-2.296696835723519143e+02,-4.034484716704419043e+02,-1.335475990700169859e+02,2.603549541153029168e+01,7.735314609311330969e+01,1.175894631378757822e+02,1.266722615543753818e+02,1.217841551679030090e+02,5.853569871634044830e+01
3.857881798889621905e-01,1.001611001125297662e+00,-9.861442923357799373e-02,-1.043775633915493017e+01,-2.455754725272498717e+01,-2.802653295108635234e+01,-1.855372057377996953e+01,-8.477320622812868578e+00,4.729134809456354560e-01,1.593854731980545125e+01,2.522850740879889031e+01,2.374007935236080868e+01,-1.437751565265697806e+00,-2.111107798223486043e+00,-3.292142350887392155e+00,-7.772385789318612126e+00,-6.697610350791013190e+00,-5.866019652192917988e+00,-3.939789384316618737e+00,-2.223130354717472557e+00,-2.689326404712986118e-01,2.536863218296300460e+00,3.831595708944796286e+00,4.478308428202479874e+00,1.049357460796181840e+02,3.570686380505503621e+02,5.236758156460418832e+02,6.393018279244570294e+02,-6.202677791949099628e+00,-2.700205418595469382e+02,-2.670198160437939805e+02,-2.175977529170395428e+02,-5.449579544601874659e+01,3.792316178797682369e+01,6.417225633159432618e+00,-7.812071152308590172e+01,-7.058412999655263320e+01,-2.009807936769550452e+02,-3.508785681192443917e+02,-6.399227790178028954e+02,-3.428760306768667760e+02,-1.448534301109634725e+02,-7.210635601910701098e+01,-4.864104508607215394e+01,-1.282016321778019119e+01,3.543963503143095295e+01,1.817969276558162051e+01
-7.573493963675275609e+00,-1.414869740439250734e+01,-2.307309406778844618e+01,-5.089395803869780366e+01,-5.907234982511809562e+01,-5.179774554431344313e+01,-3.008628659908043801e+01,-1.431373513997615987e+01,-3.450816668473635218e-01,1.226447118006052506e+01,2.368308127866944801e+01,2.231845636792090204e+01,-1.118809494086390188e+00,-2.185702960859916999e+00,-3.493908753991533445e+00,-8.795993753727614717e+00,-7.825033037347449039e+00,-6.775964987465588507e+00,-3.513203456731428531e+00,-1.593367741029531715e+00,1.552479995511184541e-01,2.644618697699957721e+00,3.194466396273703879e+00,4.091473602307651447e+00,-2.461517106164005781e+02,-9.033746454865704436e+02,-1.600139443835516431e+03,-3.412148954800348292e+03,-2.717755279945620714e+03,-1.744601468704300714e+03,-1.036491004940091443e+03,-7.397170019888962997e+02,-3.963701931106552365e+02,-2.003163430054519267e+02,-1.591525472434732364e+02,-1.222272591590408410e+02,-7.272723872159519942e+01,-2.098344514216094012e+02,-3.843900478540244876e+02,-7.863759928405997925e+02,-4.967125677712101606e+02,-2.387951549916565455e+02,-1.191549824617864033e+02,-8.301155688544099576e+01,-3.836076255705484073e+01,2.202568618960572167e+01,1.282307285644216677e+01
-6.942195132917760247e+00,-1.160118918987420500e+01,-1.669803576701016823e+01,-4.164412040249823121e+01,-5.798147208203522496e+01,-5.563360342187684182e+01,-3.506743114054287958e+01,-1.499841289714692039e+01,4.171461309060106259e+00,2.196725308685904565e+01,4.116605273934430897e+01,3.731700331111129287e+01,-1.487209944287767982e+00,-2.082396942893435465e+00,-3.417411834534490822e+00,-9.320020173980566369e+00,-9.072533502226704627e+00,-8.854675665674086815e+00,-5.692288037897291986e+00,-2.590530997130201740e+00,6.030854462069576982e-01,3.910261793164867328e+00,6.024239532667031938e+00,6.257947391255907377e+00,-1.885627292760923410e+02,-4.357837761176779168e+02,-5.316025657738937298e+02,-1.530687511986547179e+03,-2.024230621615028213e+03,-1.623969860205193982e+03,-8.365271206604411418e+02,-3.655845088839669188e+02,4.998574576851569873e+01,2.107836191254436926e+02,1.914392290256237175e+02,3.108022735282611393e+01,-9.081944403962791057e+01,-2.277847961997629227e+02,-3.813725133634006852e+02,-7.850950149131053877e+02,-5.412925874942629889e+02,-2.863189938105692818e+02,-1.276111164610775859e+02,-5.199600406756985649e+01,8.643122910674037485e+00,5.043823794572028874e+01,2.287078227025705246e+01
-8.961127038006537759e-01,-1.745012057140115758e+00,-3.420124170183015622e+00,-7.556868485067013808e+00,-1.276026238622876008e+01,-1.452138366045988960e+01,-4.796865780499047105e+00,1.110095438275217816e+01,2.817370257128752087e+01,4.651913825012886150e+01,5.701837872565539556e+01,4.940328657706788817e+01,-6.692231803658899025e-01,-1.192427139837874961e+00,-1.810323228237948001e+00,-3.939336200851130343e+00,-2.953734731973533201e+00,-2.014145674524968399e+00,-8.578293794046025766e-01,1.330471313060318295e+00,3.317478344632874609e+00,5.885389074943240928e+00,6.899138506961470796e+00,7.970249399465835438e+00,3.137844270466439411e+01,1.158768830724657164e+02,1.618701939029706409e+02,2.456529768346445053e+02,3.337194755369382619e+02,4.999310837268676551e+02,6.221736618316663225e+02,9.789395292719891586e+02,1.186660432598084299e+03,1.181235227595972901e+03,1.218478976185379906e+03,8.458783867757806547e+02,-2.803082380787918737e+01,-8.280434532497974942e+01,-1.744575755234168355e+02,-3.471548244871410134e+02,-1.338397747524586521e+02,2.573359951922475375e+01,8.379366202932010310e+01,1.258272000651820690e+02,1.355687380512940763e+02,1.343248774107872805e+02,7.066198708499427994e+01
-1.476192049093469905e-01,-9.600330082768095963e-01,-5.715979613596886111e+00,-2.739073609091343542e+01,-4.376117422395441281e+01,-3.806537869219997106e+01,-2.118854903559380887e+01,-1.113614164835840370e+01,4.235162447139401820e+00,1.711841467606365086e+01,3.078461669908401177e+01,2.295362229826397993e+01,-2.784911203258353396e-01,-4.979561534048535520e-01,-1.236781644825263982e+00,-4.723603971866261020e+00,-5.452508383274089709e+00,-4.717575375710193697e+00,-1.901814883119126165e+00,-6.155063975499004414e-01,5.894177476561850426e-01,2.289589696563659516e+00,3.409469079759322341e+00,3.989594107373482856e+00,6.843491297649370608e+01,1.146040470404659573e+02,-2.406759575545984262e+02,-1.744556860152359150e+03,-1.733596716817919514e+03,-6.186648701783105935e+02,9.228849002926472167e+01,4.215418486969938385e+02,6.355260244455039356e+02,6.572585192596216075e+02,6.362823556151524826e+02,4.155053805423990525e+02,9.963310352375742696e+00,7.615518134329931854e+00,-7.545110111796702768e+01,-3.314041564264971385e+02,-2.434306523829745856e+02,-3.959627472944384863e+01,5.297140475215724109e+01,7.435329392996595743e+01,8.072247727060880607e+01,9.131267563448329838e+01,4.576011437157347927e+01
9.656946326673562453e+00,1.380151395483954957e+01,2.064113049090781260e+01,4.059044301949859346e+01,3.438352581383253437e+01,1.935895392552640715e+01,1.755541160576862580e+01,2.790199592287572727e+01,5.203056745994311427e+01,8.200540706659768375e+01,1.056165114153599234e+02,8.668304391445195733e+01,-3.750621566756109360e-01,-7.581300333659939383e-01,-1.025227245611347371e+00,-9.188275709100466315e-01,-1.790943322188809361e-02,-1.165472067605222151e-01,6.025455332774711792e-01,2.681172007617277586e+00,5.607782725885257946e+00,8.700017356840600513e+00,1.143991242799834396e+01,1.213935405119426392e+01,3.797657989788117447e+02,1.313816108276041632e+03,2.337956074396788608e+03,5.375651274215066223e+03,4.432973537076988578e+03,2.806827334729543509e+03,1.887642195846285176e+03,2.002666559798157323e+03,1.972336194524246821e+03,1.792260476471048605e+03,1.757538636380680146e+03,1.149429768205385244e+03,-6.828274925164805609e+00,-4.382309660588384759e+01,-8.783965231866704926e+01,-4.942894236680058384e+01,1.615380860533318810e+02,1.966959334804655555e+02,1.756082142047227990e+02,2.128797492078465439e+02,2.094545008173188307e+02,1.684661757950096899e+02,8.121775789528965106e+01
8.453832860183467801e-01,1.798133007221082380e+00,-9.038719356987030551e-01,-2.786762888248335912e+01,-5.378425802404055389e+01,-4.594440285224942500e+01,-2.386175201067601392e+01,-1.146252150575466544e+01,5.738514774723682876e+00,2.827571419360887717e+01,4.444642323760757563e+01,3.764846490711674676e+01,-6.009749389892853344e-01,-1.312713627341619116e+00,-2.918611578351303137e+00,-8.714631319143272492e+00,-9.043549226837761523e+00,-8.133612642375293689e+00,-4.190432141603153582e+00,-2.674614398911600688e+00,-3.939521363334783643e-01,2.592286877506602139e+00,4.498101449696335408e+00,5.574668710009394346e+00,1.432687922288573645e+02,6.119339020306961174e+02,8.203082459290963016e+02,-8.743309834917454282e+01,-1.520817947487110359e+03,-9.396844226698649436e+02,-1.958782596933870082e+02,1.253820623246210744e+02,3.921171766111001489e+02,4.848824667151038739e+02,5.315864633612336547e+02,4.357743806824441890e+02,-1.592486713825974221e+01,-4.151731148954399941e+01,-1.287198813574532323e+02,-4.625237736527315064e+02,-4.166872893601166652e+02,-1.854615224441108694e+02,-5.142367438068663432e+01,-4.543428388883057778e+00,3.293289699329898212e+01,6.329845665666709920e+01,3.755357247004371857e+01
3.190685035678583858e+00,1.843862059226324845e+00,-6.415461097211050401e-01,-4.141263335388543965e+00,-8.911157634343283007e+00,-6.417242325491287147e+00,7.081287148391794517e+00,2.369807262954219595e+01,4.560569764848361274e+01,6.310042980789896205e+01,8.087226044382160239e+01,5.925587323676623441e+01,-1.084905517843848699e+00,-1.584343200876297431e+00,-2.659896249128681944e+00,-6.003593608899457479e+00,-4.223491812720585159e+00,-2.607460171550236794e+00,-7.502065151954084854e-02,2.999231367261256054e+00,5.646772433346662012e+00,7.395564003347100623e+00,9.336147090928879066e+00,8.611791165102918200e+00,1.829024359883828765e+02,4.974889395708432858e+02,5.664320441639792989e+02,8.527110382841419778e+02,9.869694768485387613e+02,1.285350357016650378e+03,1.473583721800583589e+03,1.962613187350947555e+03,2.063713648682538405e+03,1.847375674994375004e+03,1.752774217018640229e+03,1.049969962731172473e+03,-5.280023652564705117e+01,-1.708369056611763881e+02,-3.244521695520975300e+02,-5.653710646814424763e+02,-1.967327754100133461e+02,4.707792962105122569e+01,1.459000420158704401e+02,2.236027690397590959e+02,2.288328282706788741e+02,1.725407367428188081e+02,7.963159296810476917e+01
1.051776975772908429e+01,1.424160031516854019e+01,2.191879977070172458e+01,5.260696412964398405e+01,5.670882121884920934e+01,3.596790191031274730e+01,2.436042170144759211e+01,2.719511660233959560e+01,4.159326209162247778e+01,5.828099912472748656e+01,7.050856475605033324e+01,5.117783111690451392e+01,4.586572971069333704e-01,4.263498628754334163e-01,3.829775992623609682e-01,2.375964642840287411e+00,5.245317246672918543e+00,4.564453415085957033e+00,2.261885832518977679e+00,2.932836354153948832e+00,4.890174709668492881e+00,7.421673672539721878e+00,8.675708803645424183e+00,8.024147469738142746e+00,4.485596264121472814e+02,1.573732250765418939e+03,2.828175154055294115e+03,6.754607959654480510e+03,5.998743289181798900e+03,3.917767201655478857e+03,2.423502168103821532e+03,2.427115066582002328e+03,2.337198579943535151e+03,2.060362944195403543e+03,1.849110453222024262e+03,1.018345377964792078e+03,3.750050073474369583e+01,7.264023117941064811e+01,8.980112151506000373e+01,2.952989835651924295e+02,4.269883077062740995e+02,3.472220219931691645e+02,2.491686857394793151e+02,2.714801431181458611e+02,2.559616776948421375e+02,1.928852200799294678e+02,8.885718436195639924e+01
-1.353426719304066239e+01,-2.104511747290642631e+01,-2.881362656257502408e+01,-5.051965616216421040e+01,-5.122180648527205449e+01,-4.919796863631950146e+01,-3.736182179422897320e+01,-2.665244297126082529e+01,-9.951012641309176843e+00,1.176201295784707668e+01,2.833032222478172457e+01,2.980254077593529871e+01,-2.521743896624256465e+00,-3.879350631872700461e+00,-5.402234520244025617e+00,-1.117600423253198727e+01,-8.793346670839913060e+00,-7.962883103036666910e+00,-5.604214687814998541e+00,-4.405372046418850829e+00,-1.943892530668009044e+00,1.308987963193665394e+00,3.020435244200957214e+00,4.694974766365755059e+00,-4.360756894512433064e+02,-1.510239611786375463e+03,-2.268560803502195995e+03,-3.351903286801039940e+03,-1.871745350666747981e+03,-1.394234959144594541e+03,-1.199148174245912742e+03,-1.204654971904910781e+03,-9.037552984900303272e+02,-5.996809543511735683e+02,-4.442178168252912656e+02,-2.127094865166586715e+02,-1.526507775379595842e+02,-3.980396651002308772e+02,-6.059412081648388266e+02,-9.541680796249729610e+02,-4.760161686371793621e+02,-2.289238327577049859e+02,-1.529192829734300858e+02,-1.461404426095086819e+02,-9.795031123709622989e+01,-1.007822072590317930e+01,4.921484571043265532e+00
-1.038634295258347606e+01,-1.528270892529317848e+01,-2.060477997792500560e+01,-5.142736839891563250e+01,-6.373919768836850608e+01,-5.197551595869728658e+01,-2.789746126480613952e+01,-1.092249906788359226e+01,5.585704246541951079e+00,3.447843876051516077e+01,5.997730839093568989e+01,5.957744975780792629e+01,-2.442555848497658388e+00,-3.608355857300347580e+00,-5.546533894233458994e+00,-1.204277483507543423e+01,-1.067912209487458242e+01,-9.070038708008439698e+00,-4.663190258541938249e+00,-2.924740678739414790e+00,3.950109592938204628e-01,4.138412898873273349e+00,6.711671216029131415e+00,9.109267411265037140e+00,-2.751086658972176338e+02,-8.323573684891962330e+02,-1.294367614956703619e+03,-2.827389793342110352e+03,-2.591940678547398420e+03,-1.553347536493212829e+03,-7.105307499726059177e+02,-4.057112258200631913e+02,-1.371259666704972915e+02,-1.105024036395116127e+01,5.199959968430539448e+01,1.414377870157973121e+02,-1.528057765985010974e+02,-3.756348923992302389e+02,-5.692121916668897939e+02,-1.003392049384839993e+03,-6.166403538006329654e+02,-2.928371632587950444e+02,-1.319065460829309586e+02,-7.709577615968987629e+01,-2.462760019820109392e+01,3.598262664972003222e+01,2.545443580154665142e+01
1.533622482117905861e+00,-2.539099418722230439e-01,-1.447190314726043425e+00,-1.106629336703349509e+01,-2.069802086614609493e+01,-1.681104006034070153e+01,2.188209526998548426e+00,2.420616049335862385e+01,4.062187083089173711e+01,6.101189761467486505e+01,7.471053719690161188e+01,5.664694354732205284e+01,-7.126667421017813808e-01,-1.301055929071448958e+00,-2.291792294083634829e+00,-6.632074681632893487e+00,-5.655436170923831440e+00,-3.607661994160071828e+00,-1.180887299064000473e+00,1.686407373340191640e+00,4.851093428063109059e+00,7.352548420638257198e+00,8.305644938775341046e+00,8.741987643264423014e+00,1.352568062045356783e+02,4.121311380352090055e+02,4.416605841733398847e+02,1.614933989305209252e+02,8.282543639055802487e+00,6.594819586449120834e+02,1.201429173174237803e+03,1.810111808555167954e+03,2.002234144775187815e+03,1.835022673738634694e+03,1.761336548503172708e+03,1.072839244293406864e+03,-5.269426510940479602e+01,-1.749261385407321541e+02,-3.573572182644966233e+02,-7.198169132887446722e+02,-3.722533773165673665e+02,-8.005513770336233392e+01,6.640131052250944776e+01,1.691202983780415252e+02,2.038393567231880752e+02,1.695583905083742593e+02,8.202100887896892800e+01
-1.429809124275463716e+01,-2.125150080683015119e+01,-2.853158340341784083e+01,-5.111331108965327985e+01,-5.205310357124059806e+01,-4.737766319809455240e+01,-3.677061365194458631e+01,-2.586452499403893057e+01,-1.191535148941875377e+01,4.418295713201075614e+00,1.382304890534783226e+01,1.480153048754645795e+01,-2.903695345755489043e+00,-4.504105363168125820e+00,-6.168955409270946433e+00,-1.238783737524975237e+01,-9.541540188257780386e+00,-8.146615004849341091e+00,-5.467209018578014224e+00,-4.428602226411253895e+00,-2.321706693646365949e+00,4.808076666061147364e-01,1.589823385849282289e+00,2.780527970584532937e+00,-4.091199937581045560e+02,-1.445969854853348807e+03,-2.321763416755959042e+03,-3.795176192576986068e+03,-2.214761806185761088e+03,-1.579522768373846702e+03,-1.422869673177832738e+03,-1.538266174989368665e+03,-1.264957587812067686e+03,-9.326827266179061553e+02,-8.013487734310629094e+02,-4.370426610046465612e+02,-1.861126194376072363e+02,-4.793400707073376452e+02,-7.133393626522747581e+02,-1.082196066345948111e+03,-5.139745324241043818e+02,-2.455842356802297672e+02,-1.811618882311098560e+02,-1.919511452747664180e+02,-1.459616511370404623e+02,-3.932094691827649058e+01,-1.231334983090144419e+01
-4.869465225327090252e+00,-8.379436614829714358e+00,-1.299710308354912058e+01,-2.840572563399121009e+01,-3.360587821951230580e+01,-2.510632079474015654e+01,-7.725755553815304211e+00,7.798554227524107318e+00,2.424210682023709751e+01,4.178221487652237442e+01,5.790033782429082976e+01,5.261476566265952215e+01,-1.353359668808121086e+00,-2.183046119598248680e+00,-3.275461248775290102e+00,-7.767095303624984126e+00,-6.248056168872320626e+00,-4.852455903267021142e+00,-2.349979667246071102e+00,3.235700727710160152e-01,3.185776135198093328e+00,5.418766102884983837e+00,6.986016480349256597e+00,8.504142655433515330e+00,-1.018291447619844803e+02,-3.443107565857571899e+02,-6.676853968457871815e+02,-1.612691595481792319e+03,-1.122568898630914191e+03,-2.046375006556336302e+02,2.552889191703161487e+02,5.871337704949164618e+02,7.955348781441443862e+02,7.892055651110367762e+02,7.018585033574954650e+02,3.065557193667614229e+02,-7.591905482651782222e+01,-2.209271210811762103e+02,-4.046552191305017914e+02,-7.821506689547272799e+02,-4.150373570981887497e+02,-1.192873953062937744e+02,-3.704995184635436090e+00,4.934493029556688271e+01,7.839374312410609491e+01,8.250764417029211018e+01,3.439179465475388042e+01
-9.775162982571814041e+00,-1.461329467745561317e+01,-1.969119491476226358e+01,-3.512561826898036088e+01,-3.987686566272321897e+01,-4.457394005927815783e+01,-3.305706851248069711e+01,-1.806874227751197282e+01,-8.384854967023613881e-01,2.069976100444026201e+01,3.449709708594767221e+01,2.886111708628774863e+01,-1.888463119699803627e+00,-3.423209090729379511e+00,-4.931950087957901019e+00,-9.235703200680738689e+00,-7.118568527968992754e+00,-7.102601129940008917e+00,-4.670457310137493323e+00,-3.136981746433541218e+00,-1.174747892788019499e+00,2.346016705737469010e+00,3.909251500439257399e+00,4.393294403741274223e+00,-2.835804497857898241e+02,-1.037547248882567146e+03,-1.585066933333688212e+03,-2.312531383568126330e+03,-1.420855990146923432e+03,-1.503649261400309115e+03,-1.402149645131432408e+03,-1.369415253902287077e+03,-1.127277627063353066e+03,-8.689449452517264945e+02,-7.688052458588417721e+02,-3.570912233821854898e+02,-1.180953378439792232e+02,-3.289762071357502009e+02,-5.215413510576800036e+02,-8.364161009139229463e+02,-4.151472975764550029e+02,-2.321269440943574409e+02,-1.683273593337077045e+02,-1.588473537442108636e+02,-1.189781362782981660e+02,-2.921378591532641167e+01,-5.538365689316208318e+00
-6.090105642947492015e+00,-9.015337091334984621e+00,-1.453851751120944868e+01,-4.282649577493242532e+01,-5.918032406781472332e+01,-5.111595656660017539e+01,-2.838942967796015182e+01,-1.153785820896729319e+01,1.588118031872886604e+01,4.525659971468223830e+01,6.934884825466494362e+01,6.930462573082962763e+01,-1.599207434997358845e+00,-2.174075916290703958e+00,-3.170177106325045457e+00,-8.886145659002110619e+00,-9.231886100604409506e+00,-8.167710617458254774e+00,-4.161156541045105683e+00,-1.316157490478506276e+00,1.520271818041386780e+00,4.819706320199625083e+00,7.526915343272779779e+00,9.766196098193116626e+00,-1.312212662381671180e+02,-4.319399474202546116e+02,-9.518980866685888031e+02,-2.981407946071754850e+03,-2.884162121867706446e+03,-1.689785531042454750e+03,-7.795051023982305196e+02,-4.341796026531283132e+02,-6.904773123288214265e+01,1.525918515983685211e+02,2.937148776944313795e+02,2.812954732095145118e+02,-7.879046241495962022e+01,-2.060733369024014792e+02,-3.724901774737904816e+02,-7.941082654241968157e+02,-5.347335366451497976e+02,-2.424756228534999991e+02,-1.000958817600173916e+02,-5.662453667065756235e+01,-8.717083133269284190e+00,4.750626303288584040e+01,2.747889208071052281e+01
5.408820001223190843e+00,6.537526249032197256e+00,8.859121538793260697e+00,1.267714041040761686e+01,3.314258172980885320e+00,-1.708260008332899815e+00,4.339981681605678432e+00,1.292487677389860323e+01,2.877144551421210394e+01,4.873344308045167850e+01,6.949049960361884359e+01,5.127355915091649763e+01,-1.198289145674948486e+00,-2.059210419518258561e+00,-3.126582223835999486e+00,-5.868392563784865956e+00,-4.298535723855511748e+00,-3.433845397606475558e+00,-1.339157507357388255e+00,4.027975927256015609e-01,3.076400115348672415e+00,5.781346933991077464e+00,7.751195430130202624e+00,7.962687626715428735e+00,2.928232195194896121e+02,1.095386349933884048e+03,1.911377431379441987e+03,3.897394142086028296e+03,2.886078352193719184e+03,1.898969170576052420e+03,1.421930207675846759e+03,1.564992411909892326e+03,1.490666402546365134e+03,1.269833531816460891e+03,1.156077426481908333e+03,6.546428393843002596e+02,-6.347892085600165046e+01,-1.754950917505932466e+02,-2.890755459544957375e+02,-4.319162256670506395e+02,-1.178989178723145415e+02,4.163276939966294776e+01,9.538674014480602636e+01,1.510369015274382036e+02,1.582646599846332265e+02,1.234259479334223215e+02,5.828442189002606710e+01
-4.624714923237789321e+00,-5.557660079711496337e+00,-7.945744679549846978e+00,-2.248593993290216986e+01,-3.481177545439638266e+01,-3.639751843051661240e+01,-2.273444575956315816e+01,-1.222120720996613841e+01,-2.130227274162763251e+00,9.319103023372605321e+00,1.535072148969715045e+01,1.241944070514666976e+01,-1.632808417907334331e+00,-2.335561651980450293e+00,-3.523481415605285605e+00,-8.430127709659970492e+00,-7.158650061436070189e+00,-6.499915765428486480e+00,-3.798601926722927402e+00,-2.332338731394639098e+00,-3.886145709039467988e-01,1.596659640559408899e+00,2.276090654375892086e+00,3.246253237376068412e+00,-2.782602508864965785e+01,-2.598945257307968859e+01,-1.726167073595934198e+01,-3.000739464206308185e+02,-6.144332384984663804e+02,-5.126591619257505954e+02,-2.425618016472708405e+02,-1.315354221401612449e+02,-2.926748889362716000e+01,1.693683969409812562e+01,-7.026471846756248851e+01,-1.612216050023325806e+02,-8.831419503468362109e+01,-2.324668730411210618e+02,-3.718844941154106891e+02,-6.518476286838422311e+02,-3.661739950041310294e+02,-1.705804202658687245e+02,-8.163246240074568050e+01,-5.221097309579022294e+01,-2.355930592086804154e+01,1.938630066339851510e+01,8.252152446704940303e+00
-6.054595182933510955e+00,-8.888438886292917118e+00,-1.477079304267394377e+01,-3.983050057846043046e+01,-5.216956354128404882e+01,-4.430338455750967341e+01,-2.401514432097800977e+01,-1.082704988250819156e+01,8.362782994367563560e+00,2.896104357621672420e+01,4.974739916125238892e+01,4.324546458121736237e+01,-1.110803339640945353e+00,-1.745288575799378350e+00,-3.036602123899800887e+00,-8.244428315506191041e+00,-7.858352531770730565e+00,-6.788545426332376564e+00,-3.591270818133306619e+00,-1.646521914584749169e+00,8.830878446071217525e-01,3.561187210913779211e+00,5.454229374100936667e+00,6.642829171890877404e+00,-1.465738462013628123e+02,-4.159800159048081696e+02,-6.995701453745459730e+02,-1.912659684911599470e+03,-1.895161783886294870e+03,-1.164352251373949912e+03,-6.011889203400896804e+02,-3.843812434919927910e+02,-1.088504605604175595e+02,3.187710356411298562e+01,6.480542789636092493e+01,4.639013531688169678e+01,-6.056321097084116900e+01,-1.592780181059952156e+02,-2.946443329568314766e+02,-6.478645819707853661e+02,-4.380531081759409062e+02,-1.987430402389925348e+02,-8.652325388554800156e+01,-5.273538154570906045e+01,-1.238781912164120058e+01,3.561738901155069925e+01,2.166356214676488889e+01
1.932296402302142724e+00,1.983829896253610059e+00,-1.513124333763784080e+00,-1.824669061700529937e+01,-3.638056221654554179e+01,-2.983280034227831834e+01,-1.247355820750360067e+01,-4.238444719518099646e-01,1.616848862527893971e+01,3.486334246694940475e+01,5.429266336448583274e+01,4.304719074084368913e+01,-9.041761977400479822e-01,-1.478506160883817699e+00,-2.533701774272525853e+00,-6.993260480089652731e+00,-7.254182246218590535e+00,-5.947791041740995155e+00,-2.813805647647964037e+00,-1.241241785308844214e-02,1.908516348044340560e+00,4.741433848362547110e+00,6.479444425163691790e+00,6.970114858553937864e+00,1.480321779341456931e+02,4.719240852554648882e+02,4.260875868071052537e+02,-4.793670115996246750e+02,-1.057929736932161177e+03,-2.656595115224845358e+02,2.894253927979443688e+02,5.656551237497988041e+02,7.383098007297667209e+02,7.272619365838436352e+02,6.115306134030997782e+02,2.973798693252451812e+02,-5.184226266104803926e+01,-1.375432813836523565e+02,-2.675737767357741177e+02,-6.000272135949053336e+02,-3.730409107946525182e+02,-1.019892515709877898e+02,1.606947058088758240e+01,5.434389601078464693e+01,7.446447894532980172e+01,8.325937429777934540e+01,4.038572782706694397e+01
-3.277140749481048942e-01,-1.788060068358731769e+00,-5.430312515449770672e+00,-1.935611090537730661e+01,-3.138812287626026887e+01,-3.121796516971525648e+01,-1.709050955895142465e+01,-4.165364383230951262e+00,1.148151635889269073e+01,2.750131106904800049e+01,4.329876850983379200e+01,3.292994886211457128e+01,-1.840486832801092376e+00,-2.758679656019827675e+00,-4.173364763232147112e+00,-9.456902203029947884e+00,-8.167691441590978485e+00,-6.622747168351612146e+00,-3.293770563835003884e+00,-5.217375620350885868e-01,1.278484572005815778e+00,3.709692231034189547e+00,5.781207583686608587e+00,5.453898818909092228e+00,6.931355821683700924e+01,4.490338046092983859e+01,-2.952454310406137665e+02,-1.303164325778721832e+03,-1.157974433750852768e+03,-6.114882305228020414e+02,-2.275329265490217949e+02,-6.358901093894564838e+01,5.952738281325218850e+01,9.709195465706943651e+01,7.961365373221724440e+01,9.772609865683079988e+01,-1.125730078217725350e+02,-3.076281269749422336e+02,-5.032693457554751149e+02,-8.618788405471555052e+02,-4.365344149218203711e+02,-1.624124065931043788e+02,-5.831267643193291406e+01,-2.844374153259195737e+01,-3.719581499084142706e+00,4.069612963874453726e+01,2.758318960142389642e+01
1.252508708404664617e+01,1.989840263006678356e+01,2.629381104202192887e+01,4.238092929695687872e+01,2.463102298497796028e+01,8.923162077993481489e+00,7.763988459824332722e+00,1.750665860090921910e+01,3.367412609213278074e+01,4.794868635489038411e+01,6.035635434918694386e+01,4.852943915781943929e+01,9.449777341109744100e-01,1.757510665522652005e+00,1.721021006911747975e+00,2.520283783235981900e+00,1.532349168288469343e+00,9.890469336267173617e-01,6.667735205330771464e-01,3.136149298768167171e+00,4.622623208178033849e+00,6.488808935214233742e+00,7.929074749416113121e+00,7.831227886696773055e+00,5.767501710578217171e+02,2.042859879198613271e+03,3.215020341800118331e+03,5.474200644399672456e+03,3.555486752508157224e+03,2.315994112278929606e+03,1.706504640201284928e+03,1.944895719293515867e+03,1.995542766862763528e+03,1.795789768015056325e+03,1.624669422795107494e+03,8.801198822642368214e+02,7.385497585308019097e+01,1.799059964268012664e+02,2.193648476879807276e+02,2.964983363512965298e+02,2.421764695111714900e+02,2.275817180338776780e+02,2.019693999038574930e+02,2.345405958568394453e+02,2.236110118239262192e+02,1.697740383100134522e+02,7.877189395003404115e+01
4.214174240654912751e+00,7.505593696840008988e+00,1.028051724947272305e+01,1.267594649399097761e+01,-3.675399536833140246e+00,-1.787557922890187001e+01,-1.233740271529674715e+01,-1.054822064116365254e-01,1.590257093088899865e+01,3.614395953560000407e+01,5.982315410068801498e+01,5.620185107906087296e+01,-1.004177762731769619e+00,-1.387411009950369589e+00,-2.334996207184623529e+00,-5.513176341645994682e+00,-5.287729747368199895e+00,-5.649871590419497380e+00,-3.593629674110850658e+00,-1.215465339244424570e+00,1.406674813343077091e+00,4.835924367808793534e+00,6.855516967583536569e+00,8.599245491934834007e+00,2.305855666936095076e+02,1.069314950301364661e+03,2.118022138500469737e+03,4.202414390646430547e+03,2.316761311381880660e+03,7.221099720025067654e+02,3.309821816375479102e+02,5.061075576925577479e+02,5.483872836491154885e+02,4.468760724979192673e+02,3.019828814464881361e+02,3.854876994257165279e+01,-3.875667341094128915e+01,-1.025827600937584521e+02,-1.876855106258808519e+02,-3.575851150443968436e+02,-1.871714641766534442e+02,-8.408953606149270854e+01,-2.311372432747793937e+01,3.186690748423006880e+01,5.480780954523811488e+01,5.097396527618161599e+01,1.766040219811031875e+01
-9.706161425525010600e-01,-1.333030730636437511e+00,-1.534003762404523741e+00,-7.125322212492903873e+00,-1.379757744516774665e+01,-1.650922365243377499e+01,-1.063717844295916848e+01,-9.080135227055734504e-01,1.622603033418266705e+01,3.546769830756181818e+01,5.375783486394192323e+01,4.720236596313071686e+01,-6.247407553547539294e-01,-9.806061191351567174e-01,-1.691727507203232506e+00,-4.602703223300331103e+00,-3.273951648610996301e+00,-2.586910190292904588e+00,-1.635963873571011362e+00,-5.911769929120112010e-01,1.740722406037985337e+00,4.488389878915302944e+00,6.635104006040318581e+00,7.751129681767618962e+00,2.862737796914598221e+01,1.022180652024017036e+02,2.041959476888841891e+02,6.676473424591968069e+02,8.533102708278129285e+02,8.067592283857611619e+02,6.767253608215996792e+02,8.955005155042617844e+02,1.058088312563160798e+03,1.028556530994752393e+03,9.986349064909945810e+02,6.178096504800328148e+02,-1.843810538375817032e+01,-6.855011998616510027e+01,-1.502700127004968635e+02,-2.771400635429627073e+02,-8.078090114981841907e+01,3.521480267771926265e+01,5.964417821002780329e+01,9.087092362350290387e+01,1.095002528084833102e+02,1.102974847029928469e+02,5.472869414049318948e+01
-1.063469868308438038e+01,-1.694489819672857323e+01,-2.234173738849435153e+01,-3.854785537350608138e+01,-3.870769034365534367e+01,-3.840511582380281652e+01,-2.708767081111327002e+01,-1.493959464221134681e+01,4.363504012729606529e+00,3.098890385065888609e+01,5.384082713298232648e+01,4.981776984928566776e+01,-1.277759351407830479e+00,-2.043342819121875209e+00,-3.186943345549732243e+00,-6.572371253579255779e+00,-4.731897639359541330e+00,-4.843453084014775811e+00,-3.408687626554108618e+00,-2.040413426091649995e+00,8.342934792605944949e-01,4.326932657912216484e+00,6.458138219498266608e+00,7.710957875976454545e+00,-3.281082680733838970e+02,-1.082850457228843879e+03,-1.563108992301775288e+03,-2.218095930178264098e+03,-1.195195422588563815e+03,-9.339670585327858134e+02,-8.241601865402026306e+02,-7.281349738184017042e+02,-4.078520461855769099e+02,-1.756638098413550324e+02,-1.223040807313254845e+02,-3.402910417982229774e+01,-8.004298471542506377e+01,-2.033123568476189575e+02,-3.135317596869031149e+02,-5.140547034586998052e+02,-2.540647016942903065e+02,-1.269656866600828380e+02,-8.918626026043159527e+01,-8.134302736609674866e+01,-4.371242285324035493e+01,2.230770237856393123e+01,1.520871067243797370e+01
-9.996102250143394485e+00,-1.688046908347860153e+01,-2.691418414484184041e+01,-5.982643662085587266e+01,-7.084265935491532673e+01,-5.808243467277418404e+01,-3.396471093591796375e+01,-1.867684967086691472e+01,-4.460221982834980281e+00,1.174640214243032688e+01,2.118857921023379731e+01,1.709701778031572417e+01,-2.385142085974896631e+00,-3.679194999272549893e+00,-5.369566186639580962e+00,-1.281315313653819032e+01,-1.159614271827049947e+01,-1.017996966143513404e+01,-5.701346445826594334e+00,-3.634106338919973922e+00,-1.371471857196798538e+00,1.327307429627389013e+00,2.831864665460457786e+00,3.088348539896045963e+00,-2.846709585620019425e+02,-1.110613321598764742e+03,-2.153906855666187766e+03,-4.939829463784350082e+03,-3.903339498147164704e+03,-2.183684563538303337e+03,-1.053584121077135933e+03,-6.899442046641379420e+02,-2.949710122329761361e+02,-6.019095714971808775e+01,-2.051234853372898215e+01,-2.519088571194788528e+01,-1.357237233658062223e+02,-3.714263848223258719e+02,-6.312968331217475679e+02,-1.192017375179827468e+03,-7.189059376522448019e+02,-3.204016573210205934e+02,-1.383434824059982020e+02,-8.815191313116724814e+01,-3.614536676420880212e+01,2.695417682026118200e+01,1.438941520880533176e+01
9.806800866055866095e+00,1.410983689848760037e+01,2.042681631754874161e+01,4.170537739106606523e+01,3.348070134274007614e+01,1.253472519236055405e+01,1.210022065205342301e+01,2.835612599069270345e+01,4.680252681017060468e+01,7.026866241316778883e+01,9.129063115140996842e+01,7.461709985789005373e+01,-6.229337382504542830e-01,-1.158040544448720510e+00,-1.062226294761245526e+00,-1.521698038111146900e+00,2.661687615413228514e-01,-1.830958208414728006e-01,-2.475437417157451137e-01,2.347474241817035789e+00,5.041508603791868381e+00,7.614340159880011782e+00,1.000527555909349786e+01,1.055469972687516034e+01,3.523431784658773722e+02,1.216442803857329636e+03,2.196193815803831967e+03,5.090596811616727791e+03,4.152125548941938177e+03,2.174869071958724817e+03,1.243527553588150113e+03,1.492759668785789472e+03,1.553276447635162185e+03,1.389988952189760312e+03,1.322724225616605509e+03,8.251180208149321516e+02,-2.683122818421668399e+01,-1.006899642414127811e+02,-1.766112598461168091e+02,-1.766734364017765984e+02,8.676069756548304213e+01,1.044655941213338792e+02,9.598884914466566443e+01,1.564166205617266314e+02,1.697349454941420390e+02,1.386454696612971702e+02,6.517928410318347687e+01
-1.325142379059488462e+01,-2.020696470226783958e+01,-2.868804358173321134e+01,-5.555570331938622530e+01,-5.850975451163736807e+01,-4.978483704771130647e+01,-3.165108447994563790e+01,-1.495687130642764373e+01,3.600968005195767319e+00,2.227404150960182960e+01,2.974565676997224273e+01,1.997846241625789787e+01,-2.428301302601495237e+00,-3.715630115356203689e+00,-5.278210703841704543e+00,-1.144944046696102191e+01,-9.572355432647889018e+00,-8.183909427103362333e+00,-5.071854066263625782e+00,-3.358495902918694043e+00,-9.475334362874470173e-01,1.935148118512504567e+00,3.178422066952379055e+00,3.315731888003302430e+00,-4.054969346714274252e+02,-1.337818352673220943e+03,-2.109868554155149468e+03,-3.818590496755474305e+03,-2.619708319521279918e+03,-1.590576016970382625e+03,-9.825429304396839143e+02,-7.380384138497684035e+02,-3.675694996602160245e+02,-1.071392288723945967e+02,-2.553962747021978430e+01,3.828183220177379553e+00,-1.528030114555640466e+02,-3.841383024432411730e+02,-5.921166436062744651e+02,-1.007587489083957280e+03,-5.641550264013412743e+02,-2.707430619414160446e+02,-1.500232528063091877e+02,-1.120873118975991929e+02,-5.541132919147298708e+01,1.814544945780744456e+01,1.412559310673734103e+01
-9.296331721810133786e+00,-1.290582550248942084e+01,-2.032987311284352927e+01,-4.976498689605404024e+01,-5.979884982821567974e+01,-4.931386909706182564e+01,-3.239540319270318491e+01,-2.306762849116452685e+01,-7.404735529139458095e+00,1.327472018014628929e+01,3.168590680185891983e+01,3.206629839125729120e+01,-1.661967094502196929e+00,-2.898887432871168457e+00,-4.341532434724978629e+00,-1.041537494108416695e+01,-9.500194162870659653e+00,-8.064672245771696169e+00,-4.470153827758934995e+00,-3.213078628087188804e+00,-1.316315512724237635e+00,1.967818510205439964e+00,4.120612140416994862e+00,5.728812459062300633e+00,-2.383332276292539973e+02,-7.981419425841013435e+02,-1.374520639893202315e+03,-3.050643661033624085e+03,-2.550842122900769027e+03,-1.548796661114360177e+03,-1.010961993149230693e+03,-9.761018059653451928e+02,-6.411234398378710466e+02,-3.170649857961916496e+02,-1.751924608265153438e+02,-5.900202280153325773e+01,-9.990234423037384204e+01,-2.594220817030345643e+02,-4.337601672249506919e+02,-8.247684689667112252e+02,-5.031685109763125183e+02,-2.249133260150833848e+02,-1.251924671818218258e+02,-1.203132322761077830e+02,-7.444998395464290297e+01,1.350537119101318240e+01,1.383369039327948258e+01
9.496517560400945968e+00,1.233808174877046326e+01,1.375502612251474943e+01,4.708247060473524925e+00,-2.350741627502512188e+01,-2.214854251922596973e+01,-2.094723995649758308e+00,1.158916231562602661e+01,2.982096890760729480e+01,4.907939310755787687e+01,7.046395838074101903e+01,6.326217658076348016e+01,2.681480372147468927e-01,6.187649180808421079e-01,-1.209695184167216553e-01,-3.487667975726097325e+00,-5.094055631113239002e+00,-4.894636322546297436e+00,-2.127993308396181504e+00,7.609124538505085411e-01,3.588414684532704513e+00,5.874692335076328931e+00,7.831925628465526756e+00,9.627742615516545754e+00,4.507076514170557857e+02,1.644992268370093370e+03,2.360462009338763892e+03,2.459635622530913679e+03,3.029551423704870103e+02,3.958331192513996939e+02,9.322968243586328754e+02,1.422886142074155941e+03,1.576390175189198999e+03,1.407795530603789302e+03,1.168030099377249826e+03,5.094619748190157225e+02,3.922045912221608432e+01,8.827549519330773364e+01,4.002787288207537131e+01,-2.029037353720386818e+02,-2.214976951875601117e+02,-4.062122744663702179e+01,8.131476997964864495e+01,1.539383079638985237e+02,1.683477546018696103e+02,1.272809277696546815e+02,4.854859441416402888e+01
-5.124992298821922532e+00,-6.298830718980042320e+00,-9.865367490408289086e+00,-3.039617229891837269e+01,-4.686604034317679179e+01,-4.471197345964475289e+01,-2.684330895205539491e+01,-9.272859321485412920e+00,1.297745378469451794e+01,4.008711134678617327e+01,6.025197750923217654e+01,5.853833221676953258e+01,-1.605794700341409253e+00,-2.336633671729538619e+00,-3.103152243210260508e+00,-7.076660430294822390e+00,-7.716872044009694065e+00,-6.950426083514177122e+00,-3.896079853110478552e+00,-8.361131103362460237e-01,1.843687879312660982e+00,5.145069839486172469e+00,6.882933230721555162e+00,8.945996897525365199e+00,-1.239028744457291396e+02,-3.359364602291443589e+02,-6.299876904539014504e+02,-1.987399251386046672e+03,-2.189474046612311213e+03,-1.551739099887870907e+03,-9.222767355855521600e+02,-6.383190494451810082e+02,-2.608939427012610395e+02,-3.502445499630539416e+01,2.386685100575050456e+01,5.540678845803859076e+01,-8.638931718249762071e+01,-1.904206437425227705e+02,-2.917693337890414114e+02,-5.875150845081352600e+02,-4.000711220955390672e+02,-1.845474674520721692e+02,-7.927424727035906926e+01,-5.156181016432560682e+01,-1.442381033735216533e+01,4.092779200628524450e+01,2.333847006892742115e+01
1.396818896845132940e+00,3.422223244869456948e+00,3.700639147910834481e+00,-1.135576780961622489e+01,-3.361991656991611421e+01,-2.720635296542877768e+01,-4.265390965188259997e+00,1.750649905729781608e+01,3.633012892483782252e+01,5.040043794586776471e+01,6.409233226283876661e+01,5.256302791439321709e+01,-7.745237383793668329e-01,-8.931873894456323626e-01,-1.444921480961326665e+00,-6.047304290496505530e+00,-7.250359869277954061e+00,-5.675479292764304518e+00,-1.936155965090364361e+00,8.519731845224640665e-01,3.243231587414349804e+00,5.808803280532313096e+00,7.634450180509208650e+00,8.201088760041258752e+00,1.202863066479440022e+02,6.294804062739040091e+02,1.019858334219861717e+03,7.056729952875466552e+02,-5.496204818945407169e+02,2.877007066057012707e+01,7.490924414021192206e+02,1.262985369191379505e+03,1.393596369530330776e+03,1.229294452884836574e+03,1.112678936859663736e+03,5.497135976539634612e+02,-4.028509938963736658e+01,-1.064203098069694988e+02,-2.336615990455175051e+02,-6.111094303614345336e+02,-4.266085906049329424e+02,-1.348304130951585194e+02,3.185842528867851797e+01,1.215432532234594873e+02,1.465353224269083512e+02,1.123798295109347691e+02,4.753983140114610251e+01
-1.019312707537064000e+01,-1.310503319208235951e+01,-2.056758182916169631e+01,-5.357369497111903911e+01,-6.643945389205751439e+01,-5.640999442862641899e+01,-3.359196256355266996e+01,-1.452424355930037336e+01,4.156722732464913861e+00,2.822246133392508227e+01,4.363664777835830932e+01,3.746679390092259609e+01,-1.878268733876947039e+00,-2.582147948820280092e+00,-4.222146567460420385e+00,-1.086757935061907432e+01,-1.030168963830119466e+01,-8.693745612397812295e+00,-4.619137756301668674e+00,-2.483384922642027703e+00,4.291858164710227186e-01,3.606731702149900798e+00,5.990655956585069219e+00,5.955313365272207449e+00,-3.097061736298578580e+02,-1.026655895734715159e+03,-1.767241578777719042e+03,-4.120598245906567172e+03,-3.633874784672265378e+03,-2.338107446606258236e+03,-1.438389017071765920e+03,-1.287465812170123172e+03,-9.561188517378159304e+02,-6.462910040451060922e+02,-4.443215360351550771e+02,-8.643773671660710534e+01,-1.125651077221643845e+02,-2.851126149513968357e+02,-4.680788704755409526e+02,-9.164736689890464731e+02,-6.021692121920502814e+02,-2.993967636518464133e+02,-1.623691556579673261e+02,-1.482914941783003542e+02,-1.041188930104775636e+02,-5.543708994849112059e+00,1.184861929813214942e+01
-1.645377941280443679e+00,-2.719511598524377405e+00,-5.456531901284307651e+00,-2.845643833455022786e+01,-4.708934842516592312e+01,-3.786873254167315395e+01,-1.234128921558593106e+01,8.534731827087227884e+00,2.458395318460839007e+01,4.530292246006987966e+01,6.254674908426505908e+01,5.848865765996771415e+01,-1.144635121464713023e+00,-1.878638939964567101e+00,-2.854923443100929603e+00,-8.421001531721707067e+00,-8.549320448972402176e+00,-7.008064195203754565e+00,-3.057860040249153144e+00,5.994351461278419890e-01,2.902550658762471869e+00,5.558724541737010583e+00,7.324164475075956915e+00,9.160887558002333009e+00,4.162913069525939136e+01,2.676716157444807322e+02,3.072383026145580516e+02,-6.543493225575948600e+02,-1.360820427111531899e+03,-4.203277460686003906e+02,4.910994473707123689e+02,1.025389555872276105e+03,1.201827472858070905e+03,1.069024042511840889e+03,9.351309416270460133e+02,4.550626604998483344e+02,-6.573762380860534904e+01,-1.811494825270935962e+02,-3.499184038373550720e+02,-7.894843467843684266e+02,-5.174821472687272035e+02,-1.844439006527713900e+02,-3.640341875273179539e+00,8.383835718440809615e+01,1.171344596402966545e+02,1.049309311210605529e+02,4.465075556828321623e+01
-7.714962616346369373e+00,-1.260691507313532611e+01,-1.835594866404565551e+01,-2.944704858620337973e+01,-2.617839310264540131e+01,-2.645941496828905315e+01,-2.355139604718996793e+01,-1.703027998639174712e+01,-3.957172256111050501e+00,1.437387953850000599e+01,3.054409217425717316e+01,3.239869534904259751e+01,-8.888231832519615239e-01,-1.814267197416658206e+00,-3.007057956633836682e+00,-5.405882974059821322e+00,-3.806056130606869203e+00,-3.190437804566435886e+00,-2.128892219187605406e+00,-1.302107174782051402e+00,-5.481719570917107376e-01,1.876284637775167852e+00,3.448176339068950824e+00,4.791512740030530182e+00,-2.103128500575494400e+02,-7.875892829885415267e+02,-1.162751118334294006e+03,-1.229093002847010212e+03,-1.604256112283110269e+02,-2.130626250899822480e+02,-4.415693653178605018e+02,-5.340415060310242552e+02,-4.057754286638955818e+02,-2.700217647044928526e+02,-2.938439468812202904e+02,-2.047079520116931235e+02,-4.944226823356132172e+01,-1.343321201133612703e+02,-2.205153980565223719e+02,-3.075446143713907077e+02,-5.475452288250426136e+01,2.048576085170884653e+01,4.294719085896758770e-01,-2.996601933680017282e+01,-2.893449147780711428e+01,1.562296683995896274e+01,7.127051952008343960e+00
-6.302354763601130117e+00,-8.689762985647817572e+00,-1.273981911336082362e+01,-2.728308719280209971e+01,-3.585860067700591003e+01,-3.896822959540745046e+01,-3.192664635216797819e+01,-2.549743262848511449e+01,-1.280085966123985486e+01,5.203074697978166796e+00,2.139162688343705554e+01,2.717684864449243776e+01,-1.403250827993568706e+00,-1.798928425680855980e+00,-2.802041164429283526e+00,-6.224980465709393229e+00,-5.234875801685653585e+00,-5.340703733780173934e+00,-3.991225669436456513e+00,-3.075722942074843758e+00,-1.646659868863842746e+00,8.091237048964394774e-01,2.849767969332368978e+00,4.818918430843025291e+00,-1.709969747007653496e+02,-5.101405789254386036e+02,-6.019315566515797400e+02,-5.356643012866115896e+02,-3.500313182786485413e+02,-6.475774196853490139e+02,-7.010265465045522433e+02,-5.931318710016821569e+02,-2.851388096204700560e+02,-1.090821991844068179e+02,-1.473726876373539199e+02,-2.072376140307301284e+02,-7.319270531504980681e+01,-1.673052842966726530e+02,-2.267275479752461251e+02,-3.305906318920951890e+02,-1.579148474423191146e+02,-8.488143768356076180e+01,-6.228673428814238378e+01,-5.183775941991666514e+01,-1.865612101695421643e+01,2.028513288413591908e+01,3.950173050881033987e+00
-5.188234758514141731e+00,-7.642413956830523603e+00,-8.756159794738010760e+00,-1.487299243717200170e+01,-2.050071615351805576e+01,-3.090656445231422822e+01,-2.576617361952600049e+01,-1.370137483061728290e+01,2.668375459249716641e+00,2.134475217797077562e+01,3.445528947026269861e+01,2.702473149106126016e+01,-1.432403893574589304e+00,-2.421304926646087097e+00,-3.377300286856247169e+00,-6.375520001160488448e+00,-4.508347264864536186e+00,-4.852370817427395622e+00,-3.562180834653457140e+00,-1.790512297872005831e+00,5.810154252842316680e-01,3.228574749242991260e+00,4.619475817961085085e+00,4.531316270548435554e+00,-9.052835403182598384e+01,-2.190311675823322730e+02,-8.793782538868254051e+01,7.045959660520966281e+02,8.298498408950799785e+02,9.736387553273380036e+01,-1.915820007171078032e+02,2.862778887216336443e+00,2.881526885145976848e+02,3.996955195727241517e+02,3.578397566922876649e+02,1.698470676885908688e+02,-8.712378418697824145e+01,-2.297950814046782853e+02,-3.425113318642515878e+02,-4.806532722648144045e+02,-1.779068173500904777e+02,-9.160626616396416466e+01,-6.677589719916204558e+01,-2.706070241930228804e+01,2.168088095301777685e+01,6.253996632479640994e+01,3.062798301488044217e+01
3.069769994411615244e+00,7.142971421421151490e+00,6.135722559935118170e+00,-2.049789275120582488e+01,-5.438742273350277401e+01,-4.850157622010067371e+01,-2.253566192761303455e+01,-7.224601058098244266e+00,8.716208236444970225e+00,2.582480378523808895e+01,4.200832097828950396e+01,3.852889170024170085e+01,-1.031201791499796627e+00,-1.364904033026625996e+00,-2.718488779708977177e+00,-8.664778076061750767e+00,-9.977211268651888787e+00,-8.973878640475323465e+00,-4.681151162965470292e+00,-2.102688217115336045e+00,8.217664247350313644e-01,3.622828161888275389e+00,5.370792732464785502e+00,6.177454243883097718e+00,2.105662934843317089e+02,1.007739273492270513e+03,1.524854128236351244e+03,6.245822214470390463e+02,-1.833169944695040613e+03,-1.454096898704239720e+03,-5.212033344503524859e+02,-1.520766922812999837e+02,1.109079976935463492e+02,1.918902420086660641e+02,1.578274424839319181e+02,1.501217350971228370e+01,-3.501313288893982190e+01,-7.334928696020756433e+01,-1.775396324957878278e+02,-6.110151274213076249e+02,-5.613624937646104627e+02,-2.882288750561970119e+02,-1.062377552651126962e+02,-3.837666409839334847e+01,9.388111666978147696e+00,4.027771583934440969e+01,1.717930119322923588e+01
-9.319987464616914963e+00,-1.412806603854978960e+01,-2.025113599190493119e+01,-3.200040367138689135e+01,-2.796394030026311839e+01,-2.537830167182477226e+01,-1.903151346219203788e+01,-8.039023957218859096e+00,1.033881315688768154e+01,2.978860446391990990e+01,4.834339180153779125e+01,4.449848379530371290e+01,-1.731113851760882838e+00,-2.676155867779788977e+00,-3.177800947544518806e+00,-6.663092838670031881e+00,-4.885039882796004207e+00,-3.272610160456544293e+00,-1.897964402372679160e+00,-4.500600885037293608e-01,1.325283839492843896e+00,4.148090731618701454e+00,6.098723717835508040e+00,7.168755957156317749e+00,-2.761784809741866411e+02,-9.895492804969253484e+02,-1.594165851782647223e+03,-2.264467588404026174e+03,-7.193310327442814014e+02,-1.880730610095924931e+02,-3.158052619975933339e+02,-3.536699732201541337e+02,-1.584962860285559145e+02,-1.025020565767499647e+01,3.194568814610101981e+01,5.507124936623131362e+01,-1.016349578638033790e+02,-2.712379728754438020e+02,-4.289343004521251714e+02,-6.390285020000283112e+02,-2.222204181370570950e+02,-3.633470715871226275e+01,-2.428470378324300327e+01,-3.622710582646118382e+01,-1.733048413488631923e+01,3.262113247297429552e+01,2.172732920400702028e+01
-1.087599019504185094e+01,-1.794737132754646325e+01,-2.374144705266940036e+01,-3.916679189954987805e+01,-3.641131589087279963e+01,-3.445012022288906905e+01,-2.255309932204764323e+01,-5.426899781289534985e+00,1.179071532322163307e+01,2.982119811070131732e+01,3.780410644353517569e+01,2.658322689380231907e+01,-1.169681814220924210e+00,-1.940507552073533759e+00,-2.886048813857378548e+00,-5.920437913229726234e+00,-4.535798580363358923e+00,-3.893859426537034096e+00,-2.486287737348714444e+00,-1.232474288563974341e+00,8.686638261165242625e-01,3.516549783014053077e+00,4.411465956888633855e+00,4.750843829757483761e+00,-3.552300964993769412e+02,-1.257283013032258168e+03,-2.018926802961474095e+03,-3.230403138909114205e+03,-1.547299909581943211e+03,-7.141420565411699499e+02,-4.182133759962162003e+02,-1.069615787401507987e+02,2.409439790049109433e+02,3.867372934346540205e+02,4.133626703870404526e+02,2.458804599147347290e+02,-7.198788427140709700e+01,-1.966945218912260316e+02,-3.218164960368335414e+02,-5.297508521324170943e+02,-2.284829991390047326e+02,-6.993300024230757117e+01,-2.923161029272228006e+01,-6.191842175983765628e+00,2.501740574773566550e+01,5.816724207998652219e+01,2.647281278099933388e+01
1.368910201302369956e+00,8.433900843835147043e-01,3.911589386169964655e-01,-1.549826385239725823e+00,-9.361447701400209098e+00,-1.310929860313939344e+01,-9.753683350821802378e-01,1.710983662085178025e+01,3.821876830366505828e+01,5.858471899976331088e+01,7.873096655050713366e+01,6.321062282457324955e+01,4.643841059753750500e-01,7.237154049530616362e-01,8.550901381073217067e-01,7.617612790244834287e-01,-1.649935505500508270e-01,-3.024719250479535049e-02,8.009856493079219319e-01,3.164621310130740994e+00,5.685778000447403002e+00,7.913522399260283890e+00,9.717953681198267191e+00,1.000886568634191676e+01,1.192424659093212540e+02,3.279463797307362256e+02,3.988590532143352902e+02,5.954363292068446754e+02,6.082906356800122012e+02,6.907674542873119208e+02,8.304062959722577943e+02,1.306964171994055505e+03,1.527707554508453541e+03,1.410649769677285803e+03,1.309981822931066745e+03,7.813581010794609938e+02,4.350487168228755763e+01,9.829091038637466227e+01,9.264599669916151470e+01,8.226277652544649754e+01,9.774282158061532755e+01,1.294224071311209627e+02,1.442228588136465532e+02,1.846482255153348433e+02,1.836495363102185365e+02,1.486182257480938915e+02,6.986679958331444595e+01
3.408246312897901475e+00,5.106899263695709124e+00,7.711049437518994409e+00,1.596222907960554949e+01,9.807937588418099040e+00,-9.878758265189446774e-01,-2.512217904448817762e+00,1.261649056461436658e+00,1.343979809957929206e+01,2.560764445951039647e+01,3.583883657169528192e+01,2.894405312758836146e+01,-2.312768543212282424e-01,-5.094566590531890427e-01,-7.891478925667918531e-01,-2.017859836300488041e+00,-1.611566796337456253e+00,-1.046603257578823332e+00,-7.491167429258105415e-01,3.007221005721305573e-01,1.474212830286674603e+00,3.262612308010091056e+00,4.188897260223036767e+00,4.775851781012663722e+00,2.040649315181121892e+02,6.888395525968753645e+02,1.142080515777797700e+03,2.478789389090532495e+03,2.210214167363141314e+03,1.570962187592589544e+03,9.559607917944267683e+02,9.031802250793934945e+02,8.575132281480528036e+02,7.540764032611677976e+02,6.684941175938974993e+02,2.975897215252703063e+02,-8.148715983152669651e+00,-4.180650020874054462e+01,-1.086608224520491603e+02,-1.525805076195192669e+02,5.816158816470260717e+01,1.303363364610372628e+02,1.001093954594914521e+02,9.766501740284184052e+01,9.142375686424315973e+01,7.968031820166766011e+01,3.270504270181282891e+01
1.724687630999866883e+00,3.925869265356737969e+00,2.380386963498125397e+00,-1.950702763749654878e+01,-4.273764321845098380e+01,-3.524080137633589516e+01,-1.336556298423136013e+01,3.005301181246977649e-01,1.412052697155928627e+01,3.242201884876172358e+01,4.273373746160677911e+01,3.782030978131275845e+01,-1.146188037374644253e+00,-1.416245015563372789e+00,-2.578583133263748550e+00,-7.634748975631453050e+00,-7.995913641016901607e+00,-6.545403106732599952e+00,-2.934392931105701763e+00,-3.453011676471646751e-01,1.563051517758236031e+00,4.040311275783327716e+00,5.635522429189553151e+00,6.445398938208807493e+00,1.662990681602905170e+02,6.802801495559706382e+02,8.998046750602879911e+02,1.343949455894035054e+02,-1.052610725245453068e+03,-2.554085334541541670e+02,5.794054511541235115e+02,1.095861716443427213e+03,1.204849054711805366e+03,1.021070610729175314e+03,9.163702091628219932e+02,5.002930484044941295e+02,-4.574483001531473292e+01,-1.106530254898973453e+02,-2.241381111284977123e+02,-5.760677737422111022e+02,-4.135840292927464361e+02,-1.310346968068765818e+02,2.612572966989091583e+01,1.066771009623134887e+02,1.264875788166234543e+02,1.025082108407865462e+02,4.678324793996608832e+01
3.511948160963243026e+00,7.610534800924938281e+00,1.153011278044985488e+01,1.907019941215952485e+01,1.177193507278479956e+01,7.725099273294517843e-01,3.970464644566504830e+00,1.805654296314293106e+01,3.536718009587664824e+01,5.414970961099038504e+01,6.715342841145817943e+01,5.217878666009835342e+01,-3.022253120266462645e-01,-3.342416638349341440e-01,-4.626019353458694638e-01,-5.220170868152180788e-01,-2.322168560777981838e-02,4.007347391839601869e-01,7.591560881363221824e-01,2.207516849276142779e+00,3.809008846390884884e+00,6.454388612781166046e+00,7.776077516029186398e+00,8.601467797493693723e+00,2.364515512419261540e+02,8.624935925998488528e+02,1.473502975305480504e+03,2.982171303259267006e+03,2.356159185172335128e+03,1.619066230356707820e+03,1.243142458209855249e+03,1.483384544609805744e+03,1.536190078552801424e+03,1.371908364646136761e+03,1.217423516849660700e+03,6.491375746798635191e+02,-3.604610870009992141e-01,-6.815730849053807106e+00,-2.377483119230464581e+01,9.292858604049797577e+00,1.219995327421106595e+02,1.441905097546427896e+02,1.386813539760848926e+02,1.702400388362898411e+02,1.662958943662476941e+02,1.297410662317133756e+02,6.131041457110876536e+01
9.477051284808524656e+00,1.472028417862509286e+01,2.119359624135339004e+01,3.244252284114088525e+01,1.380114318368651993e+01,-1.620007122944628009e+00,-4.632479718187312301e-01,1.126664550605522663e+01,2.670774802026281236e+01,4.102713744643750715e+01,5.776011160805236955e+01,4.526731401736978455e+01,4.117654415461302619e-03,-8.052949457287894575e-02,-3.432291362580137672e-01,-1.189724595662461581e+00,-1.828350625732745982e+00,-2.202525136390953264e+00,-1.135435856396128429e+00,1.060052223498750834e+00,2.677672769594479973e+00,5.274278389918741539e+00,6.542985170271332862e+00,6.941085821303527581e+00,3.959335896778175083e+02,1.559074664977290013e+03,2.760637258102116903e+03,5.131621309444519284e+03,3.201471289294735470e+03,1.717545134743870221e+03,1.144698201703191444e+03,1.272873732178946739e+03,1.275016143366579854e+03,1.143466077142131326e+03,1.021993241273803505e+03,5.502848733363885003e+02,3.850122409335995144e+00,7.001665153650947104e+00,-2.075590252685606174e+01,-6.024139240019667341e+01,1.864288227607539739e+01,5.613610440994557393e+01,7.124837126954707855e+01,1.130892774966055185e+02,1.273106878242795119e+02,1.081049304413455729e+02,4.674857915434211009e+01
-5.298344167440944830e+00,-7.259245364687771485e+00,-1.422564618296374306e+01,-4.409225043176746794e+01,-5.811735629317323060e+01,-4.515156745955465567e+01,-2.807728702854018366e+01,-1.966544704931811793e+01,-1.817996361568816610e+00,1.852240737518911828e+01,4.035537372460029815e+01,3.854015788272818099e+01,-1.232122673500974486e+00,-1.972468992311139147e+00,-3.415096403083889953e+00,-9.291440049538145729e+00,-8.961097596505041452e+00,-7.179369828615957516e+00,-3.646229010008642746e+00,-2.112884961923121807e+00,2.241009820913362205e-01,3.460425180110746624e+00,5.287680836599530920e+00,6.447720584600290294e+00,-3.613437248666514279e+01,-1.376310857553689857e+02,-5.388325992633835995e+02,-2.255892343659845210e+03,-2.189164315856425674e+03,-8.186756325496335194e+02,-9.711471006173269416e+01,4.990319858680231846e+01,1.949901955049863318e+02,2.150748050067913937e+02,9.950810208600796614e+01,-9.595214475974898960e+00,-4.883275714562262237e+01,-1.405415824760375472e+02,-3.002026035632566163e+02,-7.170474432207201971e+02,-4.686715752029799660e+02,-1.428669958541556753e+02,-1.352837883885922565e+01,5.719267547888648551e+00,2.444229757782568413e+01,4.683730571189983038e+01,2.184753597592717256e+01
2.274906382418848239e+00,2.391188672626498146e+00,2.816702107717787840e+00,2.026487512842550132e+00,-9.063171491654543388e+00,-2.020351007863311565e+01,-1.808767326598834302e+01,-1.280725928345506759e+01,-2.429942076232009640e+00,1.573266267501796278e+01,2.830985639755874672e+01,2.404334714037021570e+01,-1.177509088764688627e+00,-1.827570395367423828e+00,-2.937343295079507755e+00,-6.283324613168517203e+00,-4.593247602832292387e+00,-4.707652245564613480e+00,-3.588241418920045334e+00,-1.830270561310594957e+00,2.573064873191626134e-01,3.061489250560335051e+00,4.318810687136515725e+00,5.247344178482613586e+00,1.841003841166539132e+02,5.689208062897032505e+02,8.301423146543893381e+02,1.475651741348927317e+03,9.995350973145104945e+02,4.895005633988639602e+02,2.227097797069800436e+02,2.722825630429942976e+02,3.519217262732581730e+02,3.308124260924651026e+02,2.265219511378081734e+02,3.519099257985180884e+01,-6.312854915688092206e+01,-1.803703044002645584e+02,-3.091817297740431059e+02,-5.193352025849917482e+02,-2.122123255776373298e+02,-5.245318786126676969e+01,-1.056757160106963056e+01,1.390638654168446919e+01,3.668503302024851109e+01,5.560007368647450221e+01,2.374420366820947947e+01
-9.187774850431523532e+00,-1.618290841658794932e+01,-2.561860780896552114e+01,-5.086736653535211872e+01,-5.555928197901121735e+01,-4.810320625235661396e+01,-2.786088902907752640e+01,-1.284869659214720627e+01,6.830806125569978349e+00,3.061866064934628184e+01,4.731256794467614668e+01,4.159139226393753574e+01,-1.695807246023452564e+00,-2.737877349088964962e+00,-3.959927001141849701e+00,-9.433197973313511397e+00,-8.349041199285323955e+00,-7.697934709800541953e+00,-4.753193601184609207e+00,-2.598244507943729076e+00,-5.987722557015118241e-02,2.607643570580176373e+00,4.859593719766252207e+00,6.147132520273853373e+00,-2.437412040913436613e+02,-9.777508363048436877e+02,-1.842861661479977556e+03,-3.895340007669234183e+03,-2.805490526447538286e+03,-1.606148098960255084e+03,-8.732408800449629780e+02,-6.049081985479642753e+02,-3.514621743530751701e+02,-2.295564267662011844e+02,-2.169495333240702166e+02,-9.932881722038109729e+01,-7.729539076892353933e+01,-2.348098380383503354e+02,-4.339477081241770975e+02,-8.666895059543203388e+02,-5.081485697310863543e+02,-2.225037781629641813e+02,-1.008818695545222681e+02,-7.162547754407682987e+01,-4.264210586067395070e+01,1.304479206554901793e+00,2.975701884456071866e+00
-5.055026237783991405e+00,-8.572864417852258612e+00,-1.434797507121416515e+01,-3.384624260854070599e+01,-4.129228553326734641e+01,-3.758755428489115502e+01,-2.248768629374080774e+01,-8.542087493299789003e+00,1.416591257596275000e+01,3.765184826482249036e+01,5.517867920645974777e+01,4.629939500626801419e+01,-6.273128784590600304e-01,-1.168133898020428774e+00,-2.156684846003823708e+00,-5.785534247325564650e+00,-5.114995178814059074e+00,-4.490087160548217327e+00,-2.233949123230154044e+00,-2.752573849236696901e-01,2.368347047489475443e+00,5.002265226924158981e+00,6.450337602193695119e+00,7.491420886857678596e+00,-1.185480404601880764e+02,-4.417511097249625891e+02,-8.113888712902298721e+02,-1.738782887709607166e+03,-1.294736067529520369e+03,-7.184993285128875868e+02,-3.136846859561719612e+02,-9.598061410861191689e+00,3.817264683767079987e+02,5.948236290688073495e+02,6.872721943858177838e+02,4.623729078712362934e+02,-3.027796606483400410e+01,-8.613677101003486314e+01,-1.820198457879550915e+02,-4.111993830700703256e+02,-2.503310465774911791e+02,-9.204608081977130496e+01,-2.416371805771746040e+01,6.587710977517190258e+00,4.699366916217604739e+01,9.354161795872585117e+01,4.820857809148077422e+01
-4.977977643944981878e+00,-4.407358408303423403e+00,-2.632438591754947765e+00,-6.283888206727567649e+00,-1.545049272027239340e+01,-2.347994998388307408e+01,-1.884747887533640665e+01,-1.073981025411478640e+01,1.523428502305762322e+00,2.158061942086385443e+01,3.370152896356310634e+01,2.967669433475100504e+01,-1.299661236095953853e+00,-1.678878460731510813e+00,-2.594741749616311211e+00,-5.515727234382637789e+00,-4.686444256752267279e+00,-4.842896826502588681e+00,-3.330134356930013695e+00,-2.523247420333646573e+00,-6.590286185034450739e-01,2.074341441694258492e+00,4.148895126102761566e+00,4.756507348749151376e+00,-4.489195630584299579e+01,1.466108704777434468e+02,6.965859697868800140e+02,2.036640691688582592e+03,1.338720952952338848e+03,3.463425812866753404e+02,-8.316977633834903827e+01,-8.730624336637265515e+01,1.127466160838594078e+01,4.971069952206289599e+01,1.959171965408859251e+01,1.459911125318467384e+01,-4.400020842362539497e+01,-9.907687112891790093e+01,-1.548400101546949372e+02,-2.573973290663570879e+02,-1.053575770470392854e+02,-4.195840775786632548e+01,-3.182491723212956458e+01,-1.917056335967299674e+01,1.678825926942522528e+00,3.192146812786847931e+01,1.543444369316830489e+01
-2.224319404798436040e+00,-3.925987343781827121e+00,-7.585128825191418400e+00,-2.131316296605433536e+01,-2.931510730134630194e+01,-2.809675525621597103e+01,-1.988276950209635174e+01,-1.383052101011625723e+01,1.523138479226474828e+00,2.057135632880539333e+01,3.826071109371088141e+01,3.499048444644118661e+01,-1.192086018370602574e+00,-1.686955468639212086e+00,-2.704526970398237751e+00,-6.704572660457799316e+00,-5.838765832746179996e+00,-4.597373502298921721e+00,-3.091458165777535072e+00,-1.543760687892952177e+00,2.831546561130373618e-01,3.102086820138438839e+00,5.064310204096106105e+00,5.733471733884510257e+00,5.528914183616961964e+01,1.509260529519888223e+02,8.461991588792807306e+01,-1.936755727365380153e+02,-2.204188793678513321e+02,5.667180580320746230e+01,7.023996262478067365e+01,7.708802290683888714e+01,2.137760284069208865e+02,2.286139311033903141e+02,1.263445902183511862e+02,4.697539773671996954e+01,-4.711559075756792936e+01,-1.264573577214507623e+02,-2.290592119476655171e+02,-4.261153445766940422e+02,-1.971499908620990027e+02,-1.834285506095784513e+01,2.276161295741735557e+01,2.238332362647088303e+01,3.364327842421607784e+01,5.007415140954606159e+01,2.301638097480113743e+01
-1.267357212702043512e+01,-2.003254165344667115e+01,-2.679554784996889794e+01,-4.282299791486519780e+01,-3.673527576713468079e+01,-3.265322014700018372e+01,-2.371087325857550354e+01,-1.041871881683115930e+01,9.741088780823503157e+00,3.379671612877842790e+01,5.534148958647631389e+01,5.023663620892978088e+01,-2.142408361754513990e+00,-3.363804399560056169e+00,-4.774432965527935835e+00,-9.549728891227921679e+00,-6.617037832342973047e+00,-4.910765883123755060e+00,-3.039637590232796782e+00,-2.093419507499973520e+00,6.389938870638296464e-01,4.109855192026952153e+00,6.574981914392353133e+00,7.248838342405097279e+00,-3.993284003063286036e+02,-1.316406168273053481e+03,-1.814027214375884796e+03,-2.077560554865449376e+03,-6.594354292247189733e+02,-3.917538763063512306e+02,-4.091270635690270865e+02,-3.036966520515325101e+02,6.230596739661268657e+01,3.287947734460840366e+02,4.456333974842864336e+02,3.035340394287673007e+02,-1.325401495185620888e+02,-3.384486093535194868e+02,-4.998189334438297919e+02,-7.380145962377177966e+02,-3.188798586276834612e+02,-1.302725679555626357e+02,-7.645160746324847878e+01,-5.024013065775761788e+01,1.203522950909587053e+00,6.124708353210053247e+01,3.429195319180223578e+01
-8.685858298183916304e+00,-1.034516162529106964e+01,-1.281953771627013339e+01,-3.528313322432092036e+01,-4.836486740856125266e+01,-4.246699086866513539e+01,-2.510047671659864932e+01,-6.515808726682308816e+00,1.867667441991292776e+01,4.717890304400822288e+01,6.809456902328781780e+01,6.172844486383465323e+01,-1.484627378425887656e+00,-2.348218679536238085e+00,-3.273259075190722456e+00,-7.010059445568032288e+00,-7.627024632868742771e+00,-6.213191585894328739e+00,-3.052033576249229441e+00,-1.135942608548621280e+00,1.416630594364779228e+00,4.992510878241812833e+00,6.904823954966303745e+00,9.149752267731344091e+00,-2.320581477755713422e+02,-5.849906189552912110e+02,-7.740834313269660925e+02,-1.702246188909288321e+03,-1.910556978425986017e+03,-1.433338869121253083e+03,-1.002113884993206739e+03,-9.082002450397612847e+02,-5.870611237416087533e+02,-3.322792172871149887e+02,-2.850072740543164400e+02,-1.391759537746343085e+02,-9.406102465450271666e+01,-1.994220222795781865e+02,-2.936638448718176733e+02,-5.752306939930213048e+02,-3.950367574454990063e+02,-1.895777024173323753e+02,-1.007565179120529137e+02,-9.299796962083064500e+01,-5.583491541739999775e+01,1.494212623194789558e+01,1.162227381065522991e+01
-1.306053884488378003e+00,-1.918430765964785678e+00,-2.500294713427621218e+00,-7.200324382203859841e+00,-1.689051907059086943e+01,-2.449199986624196868e+01,-1.681900425790288978e+01,-7.031796926423140803e+00,9.710475099221383743e+00,2.373843949712389190e+01,3.453076178378228178e+01,2.837611098437491819e+01,-7.127979748249444469e-01,-8.200264912838193254e-01,-1.202612116526054820e+00,-2.522179230572675124e+00,-2.542247138143828522e+00,-3.119922917814076158e+00,-2.269926450447272259e+00,-6.364060647483036348e-01,7.627170342669096215e-01,2.575425622449689200e+00,4.089295578716392043e+00,4.948428573173330847e+00,1.298029701430823479e+01,1.116644295972546388e+02,3.294510553796135355e+02,9.791444711436706712e+02,7.337290874587961298e+02,2.182032811957378726e+02,1.651235461930191377e+02,4.884366164561815822e+02,7.416177015102748555e+02,7.289097583649709122e+02,5.922542981379301636e+02,2.864483386565339060e+02,-2.743041662080349852e+01,-4.836923167527424994e+01,-5.087437473967429469e+01,-3.143726900278397807e+01,3.586361813170833557e+01,3.384719631020357156e+01,4.112097635462373546e+01,7.041778790422586098e+01,8.671633422753598097e+01,9.211420692324895754e+01,3.977653331311051943e+01
1.992792806617671886e+00,2.953062240425538221e+00,4.500087579678336169e+00,7.882239070806974723e+00,-8.440378445288843068e-02,-8.688020262268253191e+00,-6.215678178614751914e+00,-2.590530395617179238e+00,1.019803715223096674e+01,2.940343416603070636e+01,4.969025951171835231e+01,4.663246188451711305e+01,-1.027835656425230226e+00,-1.539493381904847524e+00,-2.214822760551953706e+00,-4.429166030207383642e+00,-3.083579026539133849e+00,-2.909125504530788220e+00,-2.089738207820122540e+00,-6.236159887025927162e-01,1.393099716358236151e+00,4.079952799456449952e+00,6.178216951817574909e+00,7.529383701363919101e+00,2.287520925832618559e+02,8.652003811856520770e+02,1.553883298384811496e+03,3.206412954381848976e+03,2.312718707382729917e+03,1.332030093069535724e+03,8.418441865413096821e+02,9.203082322884038149e+02,9.938091706493687525e+02,9.209424126543253806e+02,7.917551516906669349e+02,4.111345436371216238e+02,-2.938197913549493023e+01,-8.357489127040275889e+01,-1.441687472479688950e+02,-2.092196593792295971e+02,-2.150281360590815893e+01,5.367695476277663147e+01,6.785231529632301317e+01,9.847351455490957051e+01,1.113159358300099484e+02,1.075534494982236993e+02,4.952341981735963827e+01
-3.598350289078965147e+00,-5.217506355605479484e+00,-5.059735960418407785e+00,-1.010992397544254118e+01,-1.648305221958668199e+01,-2.110931789264006397e+01,-1.612762947217470355e+01,-5.192746562958888035e+00,1.164322091044203944e+01,3.062177401301232749e+01,3.918779457148423262e+01,3.150577468445794693e+01,-1.208314719356962996e+00,-1.743047915223868927e+00,-2.490537514967048338e+00,-5.461294699310791145e+00,-4.330982473677952527e+00,-4.063361263492652142e+00,-3.009344335864852837e+00,-1.296699192023027081e+00,1.116529739511555874e+00,3.454614374587198000e+00,4.337897556283369482e+00,4.966722883935453581e+00,-1.614390632182266927e+01,1.648268590887655591e+02,5.845157113882269186e+02,1.602383090208284557e+03,1.282555775004973839e+03,8.053377286195682245e+02,5.353337268660343398e+02,6.924014898589393852e+02,8.512150187977513269e+02,8.093818330292833707e+02,7.081601025304016730e+02,3.327541408774100091e+02,-5.358088641406004626e+01,-1.395153715754047425e+02,-2.391584017369214052e+02,-4.348540274593842696e+02,-1.939764836587373793e+02,-3.333778216900645930e+01,2.194687155934707334e+01,6.870397242599233323e+01,9.788080682419285949e+01,9.448848752084052194e+01,3.895135245561925785e+01
4.476420171144226856e+00,6.225578652892011178e+00,6.674176847811708058e+00,-3.640290541359263443e+00,-2.298862667041677810e+01,-2.196409359683622142e+01,-6.122994998789323517e+00,1.052962958725538556e+01,2.965964809614089859e+01,5.177656486964258420e+01,8.010194907624554617e+01,6.806884043126436268e+01,-5.883661016632562024e-01,-1.168967994346598260e+00,-1.757609369574907987e+00,-5.099310341308758154e+00,-5.354895182673661935e+00,-4.956778803072147355e+00,-2.389196051853932801e+00,7.850258682167101654e-01,3.874047525316772322e+00,6.783026074782135595e+00,9.161410631306470265e+00,1.054750745899404407e+01,2.197942172947523432e+02,8.366312963589989522e+02,1.208651310556593671e+03,1.306536861911838059e+03,3.249951739951065974e+02,5.707095174078949640e+02,1.011163931543624130e+03,1.536108618493701215e+03,1.685722501899290364e+03,1.500352403588318339e+03,1.322180674566366179e+03,6.575258193795748412e+02,-2.680222250962435737e+01,-7.836000753775533667e+01,-1.847586666799534214e+02,-4.598632920763875518e+02,-2.727577537707516058e+02,-4.739249156319806389e+01,7.172769038969477151e+01,1.517241668643230241e+02,1.737665114977198755e+02,1.361047855166427780e+02,5.963032888836755774e+01
1.453654924511198487e-01,-8.784243358981598249e-01,1.758919672410286239e+00,1.599413446808392791e+01,2.484931488267147870e+01,8.198382304189721026e+00,1.138573208276312698e+00,9.237076566384871512e+00,2.630377477242069517e+01,4.822222354402535416e+01,7.316525931825051998e+01,6.810389025862991730e+01,1.398575503555505861e-01,-7.673839018413453061e-01,-1.257180873971137203e+00,-5.213306362667253779e-01,2.297322522359337427e+00,2.161980365589201369e+00,1.141779592234573926e+00,2.433453833836310309e+00,3.689990883757538143e+00,6.970179912495698460e+00,8.953349727257997159e+00,1.087227526158428148e+01,9.115321018955864929e+01,3.681047821327028942e+02,9.756641220735327806e+02,3.562118776408497069e+03,3.754992442375867540e+03,2.084333993013273357e+03,9.506503906637863111e+02,9.015350294915388076e+02,9.399998262479621189e+02,8.921827847779404692e+02,8.291060716756683178e+02,4.807669847413758362e+02,8.674167633033675884e-01,-1.786118265171148778e+01,-2.516324773240694412e+01,1.319011547642630831e+02,3.043520873595075500e+02,2.238991637200253990e+02,1.251791754880421195e+02,1.192911095337890401e+02,1.143181097600424891e+02,1.124168041273587733e+02,5.243538217439504479e+01
-1.737897079276223167e+00,-3.777083127655231465e+00,-7.168273231957897451e+00,-2.401241980660415720e+01,-3.418289496866347577e+01,-2.473798678672665119e+01,-4.748677129907633798e+00,9.093413128912146703e+00,2.606610378166058695e+01,4.616056483088368623e+01,6.994116231557080710e+01,6.488989311765317325e+01,-1.109394760688882542e+00,-2.086733330940294451e+00,-3.074482861605616790e+00,-7.808639999970225176e+00,-6.764011156652525614e+00,-4.967440400035858517e+00,-2.019728758176022154e+00,8.187843264446073022e-01,3.270456659766441732e+00,5.929408898660419425e+00,7.904994682466981004e+00,9.774702757681193788e+00,4.907373726508239997e+01,2.447227673673532991e+02,3.127468300212858594e+02,1.884670285446918570e+01,-2.700073841505800374e+02,3.116687447778604110e+02,7.496944839794123254e+02,1.093609126002149424e+03,1.138991268319685332e+03,9.393581860345839232e+02,7.185935422051607020e+02,2.917885332732980714e+02,-6.453031150499759860e+01,-1.745006355145133057e+02,-3.091644742503981433e+02,-6.027870468631244876e+02,-3.316865878847170279e+02,-7.720389021549294739e+01,3.891443766351903832e+01,9.953289732812709190e+01,1.147960855297267244e+02,9.054026087088027452e+01,3.722957271251550537e+01
-2.195414579880264228e+00,-2.716296350167255014e+00,-3.758240138637489736e+00,-1.107550342533272669e+01,-2.305323554456924739e+01,-3.062058246848860676e+01,-2.260070209235166772e+01,-8.410362628321280454e+00,8.327278587214607342e+00,2.389634495327507580e+01,3.861210863633840518e+01,2.925670531685247511e+01,-1.569204602205616084e+00,-2.615092909620608808e+00,-3.622864461200371977e+00,-7.730254894139889643e+00,-6.667306100122363688e+00,-6.558650202340775337e+00,-4.299368356485345544e+00,-2.523494709682893244e+00,-1.394865743134339198e-01,2.772628744656199018e+00,4.502589223035592170e+00,4.823868674728334582e+00,4.426460141308189122e+01,1.655499963309430314e+02,2.813433752864184498e+02,4.082806071319937473e+02,1.079494433788822789e+02,-1.880182926301167754e+02,-2.532878284570724645e+02,-2.154786929353886080e+02,-1.110275082572206884e+02,-6.376974957988932147e+01,-7.812022244873242016e+01,-4.369327803048190617e+01,-7.449233937494943802e+01,-2.176803066585982833e+02,-3.792835692549447231e+02,-6.699831682009730685e+02,-3.264571359344695338e+02,-1.420207655024867108e+02,-8.265225455299696478e+01,-6.167068921318855246e+01,-3.224475863017823940e+01,8.031937994561189953e+00,6.942873454591506288e+00
-5.055847187949524368e+00,-7.153732004439149250e+00,-1.139949588274075154e+01,-3.864093439645051831e+01,-6.103381246107591096e+01,-5.439362408715356878e+01,-3.005795133698543964e+01,-1.170185280252195525e+01,7.303620758976194338e+00,2.890373817427720837e+01,4.549570027162832275e+01,3.791835292783810019e+01,-1.589957198972435037e+00,-2.274167118737045357e+00,-3.238835863209430954e+00,-9.246847475739194522e+00,-9.969082531049853202e+00,-9.057582835271670518e+00,-5.388350740372658265e+00,-2.677611566507419383e+00,2.847154144136112564e-01,3.573551392919803504e+00,5.021970525735845570e+00,5.747956349588342562e+00,-1.187305907467753059e+02,-3.702110240530364536e+02,-8.634869788687647087e+02,-3.069126630859809666e+03,-3.282941586268909305e+03,-2.171606513192142302e+03,-1.285254251958656823e+03,-1.006931104952494934e+03,-5.524973128715573694e+02,-2.270060696088521581e+02,-7.199302781714504818e+01,3.584421948959243309e+01,-9.157967177968862416e+01,-2.312184178722275192e+02,-4.115008103638583634e+02,-9.000100550911056416e+02,-6.284325824629681847e+02,-3.171767642854197220e+02,-1.679123971792270140e+02,-1.327776762957907977e+02,-7.167826251428232354e+01,1.256675937289583089e+01,1.386314842048165019e+01
-7.401337032249927006e+00,-1.139488539872333206e+01,-1.742477733808468088e+01,-4.114643076417905831e+01,-5.196011470286143208e+01,-4.760980277767725966e+01,-3.043817243398683559e+01,-1.561370834042142519e+01,1.605062945978659172e+00,2.229734314437391163e+01,4.289534118218543313e+01,4.203531624503327180e+01,-1.153956326826342860e+00,-1.791113273586915966e+00,-2.960180436935612391e+00,-7.315754586090903899e+00,-7.255178101157927273e+00,-6.399963148320114925e+00,-3.316715207526033993e+00,-1.315474382350704019e+00,5.015634051681558958e-01,3.482862908377018840e+00,5.501384865999845886e+00,6.639967352333094652e+00,-1.683979963506963031e+02,-4.924953750031963864e+02,-7.629853144662229170e+02,-1.744003926306071662e+03,-1.621023279390254174e+03,-1.014127854455344277e+03,-4.620020640433649532e+02,-1.810419798191251175e+02,3.918056890129446401e+01,7.704756898191681103e+01,-3.863942195132494817e+01,-9.931010955441797705e+01,-6.077880265212002087e+01,-1.466074606281256365e+02,-2.476923123278916137e+02,-5.072826705294428393e+02,-3.226759013875248456e+02,-1.273187229231825768e+02,-3.275850337626252440e+01,-2.253364869601000464e+00,1.920770426182707524e+01,3.963215207705491139e+01,1.511945768644486066e+01
-5.815020943760728755e+00,-7.835350556738745809e+00,-1.424683645408867960e+01,-4.382005083425008252e+01,-6.225638660410314174e+01,-5.569664009905622493e+01,-3.386358143552766364e+01,-1.740994085951234638e+01,1.624302148858618011e+00,2.143971164551933839e+01,3.822837777716105734e+01,3.481559650277334583e+01,-2.174603789377606233e+00,-3.295848057031568246e+00,-5.018942894584881742e+00,-1.241796169114100934e+01,-1.163852191877984765e+01,-1.010169080851989065e+01,-5.606144352881635484e+00,-3.326674891248803334e+00,-1.908220810473402196e-01,2.819121029265318157e+00,4.127238837079378442e+00,5.476126092279962165e+00,-1.887508327278810611e+02,-6.531161660127690993e+02,-1.293145682955931989e+03,-3.616578093022970279e+03,-3.563076952241659455e+03,-2.443508665757181006e+03,-1.535645139603135249e+03,-1.288022803427982581e+03,-8.476450542759721429e+02,-4.927724718447816485e+02,-3.446431249432907862e+02,-1.773207110793441643e+02,-1.458177754067410206e+02,-3.779792230080802256e+02,-6.207610434654079654e+02,-1.178909169892779119e+03,-7.509556694755062836e+02,-3.868905097339031727e+02,-2.180327225662110777e+02,-1.735627970487063294e+02,-1.006360183235206023e+02,-1.896549194855197129e+00,4.104101324912051041e+00
-4.251360232948158568e+00,-6.083028601729026263e+00,-9.356500422895550173e+00,-2.102684189782701196e+01,-2.556248877894219618e+01,-2.740271830661353647e+01,-2.002076253992467514e+01,-1.124235462818228370e+01,-1.421601612654882274e+00,1.429574572993467996e+01,2.699986915102081753e+01,2.286525803697414005e+01,-1.722344126650094509e+00,-3.044932840237713378e+00,-4.542764672104997459e+00,-9.720838462873281571e+00,-7.091042778486311704e+00,-6.034313968165172071e+00,-3.557557478619308711e+00,-2.335478713152433272e+00,-5.995794006058048353e-01,2.083563572272439046e+00,3.509660028086184269e+00,4.257251076204951801e+00,-6.406743621426358004e+00,1.768364604640737525e+01,1.076826989885048533e+02,4.708444709575560410e+02,4.628844506142304454e+02,2.668185418034936447e+02,8.907560247002220422e+01,-4.081360715845585219e+01,-7.271439015464966360e+01,-8.008593285299048148e+01,-1.541807562324129321e+02,-1.318693825159821245e+02,-8.511259455378854000e+01,-2.427064314166834720e+02,-4.101424464745841760e+02,-6.893652752743337260e+02,-3.136330129369334827e+02,-1.065232966444182239e+02,-5.445770442194975658e+01,-4.959483023606708230e+01,-3.058533189548381870e+01,1.271619956422205178e+01,8.350114078635016313e+00
-7.117863206513504792e+00,-1.104403641970040439e+01,-1.562120761651931389e+01,-2.828611124202376459e+01,-3.318505425095816008e+01,-3.520539967684615590e+01,-2.579366819553371215e+01,-1.416140818520636913e+01,-2.527224980813656430e+00,1.118789673239149352e+01,1.825188987065226343e+01,1.381912672105515583e+01,-1.742274852912533589e+00,-2.623211297995160507e+00,-3.926127799523271733e+00,-8.300299119979122509e+00,-6.728002179535643279e+00,-6.072938359678420994e+00,-4.279711306247168778e+00,-2.767547391193929229e+00,-8.063790253357225879e-01,1.630916963765844940e+00,2.338581455325677183e+00,2.767997722945143124e+00,-1.741592228475824413e+02,-5.920187015870706091e+02,-9.138965926101518562e+02,-1.502752599143135740e+03,-1.038299565513832931e+03,-9.969601783092639380e+02,-9.475757899887103122e+02,-9.507696474138010672e+02,-7.279943780115700065e+02,-5.145067013259567830e+02,-4.980159105506445485e+02,-3.663199683231873678e+02,-1.100347673941885205e+02,-2.850900355553228565e+02,-4.379448924782368522e+02,-6.877923677504572879e+02,-3.338735494036650380e+02,-1.747960246216448468e+02,-1.307660868786554147e+02,-1.286852469853176899e+02,-9.064431733059780072e+01,-1.167136597504133988e+01,-4.606191612642049904e+00
-7.301025925175864018e+00,-1.098177585985477833e+01,-1.725929480497742929e+01,-3.385922481931470429e+01,-3.857576675464088112e+01,-3.636093313304783692e+01,-2.748655846553162974e+01,-1.790530654454843784e+01,-1.126966733889048555e+00,1.978375156648300504e+01,3.533782074013498686e+01,2.914095895744985398e+01,-1.348574817484227140e+00,-1.929567754855998629e+00,-3.437197275505898375e+00,-7.684000834157309612e+00,-5.905989807138201542e+00,-4.544156666085232388e+00,-2.539776007332680052e+00,-1.483451916707505092e+00,4.935138299383119431e-01,3.798183536716262410e+00,5.370533058113021951e+00,5.004640012328707144e+00,-1.955952061116690857e+02,-7.047496171845541539e+02,-1.215867318189313664e+03,-2.391296111885792925e+03,-1.808033644193470536e+03,-1.308992833561103907e+03,-1.185242513729112034e+03,-1.283403397908092302e+03,-1.004804227028407695e+03,-7.128554365894287912e+02,-6.173546325390016136e+02,-3.016790945478178401e+02,-6.751041870886899687e+01,-1.761075895488279457e+02,-2.950932785077125118e+02,-5.515267446238867706e+02,-3.164073472947970913e+02,-1.461931019395738076e+02,-1.097881248528196920e+02,-1.313657384714238106e+02,-1.009115084494435450e+02,-9.375422546797722134e+00,3.756893777021844016e+00
-8.989508972071760695e+00,-1.589917419367070295e+01,-2.407621858954229310e+01,-4.441844551188444257e+01,-4.288548962724823355e+01,-3.602656276944765068e+01,-2.261472132397241808e+01,-1.005777643051183645e+01,5.493545953725089248e+00,2.416086991689456909e+01,4.213393342083514881e+01,3.828811514860102250e+01,-9.961614300235996922e-01,-1.844326925177714571e+00,-2.684849454424895754e+00,-5.975837393857936775e+00,-4.953623283219386053e+00,-4.133780855575999169e+00,-2.470210064583501008e+00,-1.130445243048146864e+00,5.745566959622294689e-02,3.251979759006662363e+00,4.932999345782850042e+00,6.142806997750945186e+00,-3.047291212193140382e+02,-1.143052721978097907e+03,-1.902037859205853238e+03,-3.330850975996603665e+03,-2.048770215947712131e+03,-1.256061458745472919e+03,-8.971530417570593272e+02,-7.125276664030625398e+02,-4.095344347354439378e+02,-2.700662842398915018e+02,-3.736979081333392969e+02,-2.983282582560268565e+02,-6.157964694987344956e+01,-1.648124543253302363e+02,-2.658763601072173515e+02,-4.573556482762214728e+02,-2.338874837594185010e+02,-9.865072966505294971e+01,-6.016458569825749692e+01,-6.162691326776393907e+01,-4.141312293385328758e+01,4.470062721398903705e+00,-1.609549454402042556e+00
-3.761879156667973234e+00,-7.856949334963630349e+00,-1.581825546257590531e+01,-4.286455077307437023e+01,-5.340556238082834284e+01,-3.958207904594155480e+01,-1.731879885941265229e+01,-3.953051072027363944e+00,1.172639310013039449e+01,2.469722021715296023e+01,3.665693012327619726e+01,2.983325729585440911e+01,-1.612061744821925657e+00,-2.601158042713604956e+00,-4.234382570571177951e+00,-1.077897512339464470e+01,-9.546603175100116800e+00,-7.301426108689703653e+00,-3.547269419475320262e+00,-1.034186520163192569e+00,1.289936275083036321e+00,2.988261693019548915e+00,3.773604307980260586e+00,4.628890152241650568e+00,-8.004966991225364836e+01,-3.962084787698877335e+02,-9.995531375889695482e+02,-2.754467564747443248e+03,-2.119962090815064585e+03,-6.225499619978490955e+02,2.473634855582149612e+02,7.480473270281363511e+02,9.721195536272389290e+02,9.029041758631701668e+02,8.077350214952875831e+02,4.023140229915966302e+02,-1.014807013699041818e+02,-2.923799183610999535e+02,-5.320283313403983811e+02,-1.031644224755401865e+03,-5.697485592733787598e+02,-1.610472076581791043e+02,1.343150432772063141e+01,9.099679346728430573e+01,1.196888681647913018e+02,9.739865741718062964e+01,3.954284232234851970e+01
-9.746926664411788011e+00,-1.705616980066380961e+01,-2.374945187562207138e+01,-3.804717535449952948e+01,-3.309029678335565450e+01,-3.239094080833149292e+01,-2.353870565953340588e+01,-1.591484143349825331e+01,-5.707986470085302244e-01,2.266982940465533147e+01,3.949950874143985402e+01,3.862216437919275336e+01,-2.365321192234322467e+00,-3.811565458055488520e+00,-5.274826414422211229e+00,-1.050794133556409093e+01,-6.998405857988856837e+00,-5.932677594626525774e+00,-3.847996071679297359e+00,-2.941447632827358660e+00,-9.189318289748733548e-01,1.962016699491950789e+00,3.971188712120586217e+00,5.835347002823958462e+00,-3.364491710404113292e+02,-1.239689788647981914e+03,-1.913254752972407005e+03,-2.496778086094494938e+03,-9.178239525265853445e+02,-7.622001868041006674e+02,-9.027840835703373159e+02,-1.010180259214705075e+03,-7.832630528108511498e+02,-5.522521143976136955e+02,-5.122754800880129551e+02,-3.684944793698059584e+02,-1.516851819932157923e+02,-4.111213496950826993e+02,-6.237329931873910027e+02,-9.165848750373143048e+02,-3.882027425237279203e+02,-1.810525551625719345e+02,-1.379452484123938802e+02,-1.365244845240665654e+02,-9.298957740956404905e+01,-1.632450429469497521e+01,-9.228320997305132778e+00
2.685850777739204887e+00,3.086631088162050673e+00,1.045626420191183570e+00,-1.635378796660876333e+01,-3.637081302741569289e+01,-2.876692533013456909e+01,-8.420723827040887954e+00,4.270735303564265450e+00,1.674712716076513175e+01,3.236404215886307156e+01,4.162311445012704780e+01,3.110242252354895243e+01,-4.780077540049170182e-01,-5.944389179392643996e-01,-1.310610522432320124e+00,-5.236768586606821430e+00,-6.416316633832625627e+00,-5.071414432493671853e+00,-1.791965632509295858e+00,2.680230312616274091e-01,2.240037352424401718e+00,4.326364621869984717e+00,5.257185517208828429e+00,5.214107909292064136e+00,2.019638540295218263e+02,7.196031816492504731e+02,8.626959934020596847e+02,1.221377700592784095e+02,-7.672494707464065868e+02,9.318255163364483451e+01,8.424025207809245330e+02,1.335777770087845056e+03,1.525787378736880783e+03,1.432463769392967151e+03,1.348169039840721780e+03,7.393897594188861149e+02,-1.004722678479629394e+01,-3.018403142030138042e+01,-1.189747649254063617e+02,-4.081141458700021758e+02,-2.953280835408404528e+02,-4.979966536723668469e+01,8.664885076742802994e+01,1.532123488439106040e+02,1.710796805050113107e+02,1.409495660529190673e+02,6.422774544415347009e+01
-2.055334822500469727e-01,-9.059278395822047969e-01,-2.596167800768824918e+00,-1.720682702389052565e+01,-3.621414969073231305e+01,-3.613819649735205530e+01,-1.467400994713796081e+01,9.653134718869324615e+00,3.127260329360137803e+01,5.141308668270457360e+01,6.212593444192103220e+01,4.479831784140563400e+01,-4.729717551014900323e-02,1.518951869122240339e-01,-4.054892498927884503e-01,-3.731673724167386297e+00,-5.440799815213114954e+00,-4.611732495434377910e+00,-1.388748501623545906e+00,1.791516242265512204e+00,4.081732447918607676e+00,6.343212353757007094e+00,8.124714146715469099e+00,7.074475559737106067e+00,8.879917227126179569e+01,3.728249052373230370e+02,5.235358885895257117e+02,1.658503345531207742e+02,-6.303011432557796070e+02,-2.667711290211063897e+02,4.648198236123062088e+02,1.112923776630272187e+03,1.367094047927208521e+03,1.262664817092207159e+03,1.107300869359921307e+03,5.915709858426821484e+02,-3.602762487113750467e+00,-2.162822622429916919e+01,-9.011810548085441042e+01,-2.997945124008483617e+02,-2.296235371503348688e+02,-8.137667874048497652e+01,3.723688412765295652e+01,1.201884997681331697e+02,1.475740506318022653e+02,1.262695697088374800e+02,5.724437826973445453e+01
-1.254259675437126020e+00,-1.739577935833608535e+00,-7.713524700234842157e+00,-3.616801097796400200e+01,-5.661502435822660573e+01,-4.362027044565223832e+01,-2.198577982984522805e+01,-1.220289635712128984e+01,2.877308503650283455e+00,2.158126674728808325e+01,3.401260789379020366e+01,3.102524074573059920e+01,-1.417762527788053006e+00,-1.770437920935648890e+00,-3.320199868354340111e+00,-9.790170805156876099e+00,-9.675383994373213170e+00,-8.145889960252393536e+00,-4.327185003209681469e+00,-2.441500434043323509e+00,-6.127743417107467394e-01,2.249397713198902693e+00,4.233434396212061301e+00,5.250272925594032358e+00,2.166765311040990127e+01,2.084304835792354424e+02,2.073421772726469499e+02,-1.064391846495382197e+03,-2.070348885539842740e+03,-1.195982454328886888e+03,-4.530128736286369531e+02,-2.970834339768607606e+02,-5.926074766475176148e+01,4.831212738570775400e+01,-2.733449815184303588e+01,-9.767673626491205141e+01,-7.467537179227292654e+01,-1.759663943968043895e+02,-3.024596808099104237e+02,-6.854574522365519442e+02,-5.101088143510155533e+02,-2.214032645762729317e+02,-7.755396792089800329e+01,-4.962328529395404075e+01,-1.605798411950831905e+01,2.352935671735906453e+01,8.519593605033662698e+00
-5.896042530963484296e+00,-1.053490846950163018e+01,-1.706955545149460818e+01,-3.400055085444961378e+01,-3.914329103639937557e+01,-3.625261355704898847e+01,-1.845151177488156691e+01,-4.327377839693070882e+00,1.414339041365315097e+01,3.368384258061075798e+01,5.346213257307016420e+01,5.147307139603390169e+01,-1.404413174997172220e+00,-2.439141082205406263e+00,-3.618542871722137733e+00,-7.734585818354013043e+00,-6.215918635991808827e+00,-5.154285910749212718e+00,-2.259833434557002363e+00,-1.525231499128771873e-01,1.903362041059317278e+00,5.126565567890924768e+00,6.568222965036397909e+00,8.576450753934427240e+00,-1.691983176853286750e+02,-6.497135819331469975e+02,-1.105123361653502798e+03,-1.965040115857969795e+03,-1.345486720818884351e+03,-8.895838120042080845e+02,-4.409199634318920289e+02,-1.039166662430779979e+02,1.785817542131862865e+02,2.827207359146041199e+02,2.686472278733481289e+02,1.193811814011746719e+02,-8.045022190330371359e+01,-2.168665568779510977e+02,-3.584738769954769850e+02,-6.251607209886742567e+02,-3.294807009871187802e+02,-1.331072972024037426e+02,-3.973064314442308387e+01,2.070482756817455083e+00,2.947760393093062703e+01,5.794233306558612639e+01,2.794225057948102631e+01
5.220964460637759430e+00,8.252021044462537702e+00,1.356229381248363097e+01,2.701971624931616134e+01,2.270370157133464772e+01,5.397833414903942639e+00,3.137923410398002488e-02,1.023927742002646823e+01,2.832223103434384370e+01,5.494654276620866540e+01,7.411065751284778003e+01,6.451249210209491025e+01,-3.377770318060591137e-02,-2.606712809646296591e-01,-4.613893770809198713e-01,-8.010840555766165494e-01,5.250768957524627467e-01,2.461855038897766690e-01,-1.574294330195158409e-01,1.875676366688740160e+00,4.309125980018855273e+00,6.888806829942211607e+00,9.175274119976982945e+00,9.805092073197560154e+00,2.958202046078586136e+02,1.086064057186646096e+03,2.008914413213122316e+03,4.670144965227169450e+03,3.941800449314170692e+03,2.441779332250407606e+03,1.367341375972449896e+03,1.282714401851317234e+03,1.255234193019950908e+03,1.135638593939016573e+03,1.062013507284829757e+03,6.251370786027123359e+02,8.557679309550508151e+00,-4.459605849610625228e+00,-3.787800209654687933e+01,2.424660200537800847e+01,1.856053906015072243e+02,1.744297721227408147e+02,1.132376846945064699e+02,1.209479456265958106e+02,1.277732627269558634e+02,1.193808374100760830e+02,5.641546217799970009e+01
6.339803553840738459e+00,7.944781706470394056e+00,1.059714426985948421e+01,2.764981020433555159e+01,2.788452021014632010e+01,1.511325054398565726e+01,1.073038310002797857e+01,1.753297704710743687e+01,3.127325072426199881e+01,4.669251902416692701e+01,5.785362578919333032e+01,4.297699052537717535e+01,1.439010016060038311e-02,8.207062859383640330e-02,-8.581234906806045615e-02,-3.965681448433358014e-01,1.586832923234638315e+00,1.941270306380594945e+00,1.067290560708180180e+00,2.426291472979464459e+00,4.001628378253258234e+00,5.883413998576696002e+00,7.229100059275214818e+00,6.559498501791779290e+00,3.073993098038486096e+02,1.036530902443326340e+03,1.808528117927489802e+03,4.277860226917764521e+03,3.864697602728549100e+03,2.574708390800555208e+03,1.632835602238234060e+03,1.702316152788847830e+03,1.712502808220295265e+03,1.551104435419429137e+03,1.447751165538767054e+03,8.435390699603435678e+02,1.074891651199811804e+01,-5.598150254927759306e+00,-3.870694270449212127e+01,4.416227784482089191e+01,2.287950533654816354e+02,2.216791127811707156e+02,1.722880442295299872e+02,1.945708687314688632e+02,1.904858267373692797e+02,1.577085097465077297e+02,7.532837455159091178e+01
-9.071527986692728973e-01,-1.561261911398872826e+00,-6.073106979523117843e+00,-3.700944975698286044e+01,-6.376552396938029688e+01,-5.206270496950256188e+01,-1.876941082842122910e+01,6.611341484235794042e+00,2.985039452556063111e+01,5.081653048481373958e+01,7.298283916370334623e+01,5.806644056110206975e+01,-8.547491039912884503e-01,-1.146007321362034759e+00,-1.983464265460181508e+00,-8.013246493761641887e+00,-9.954063961028190022e+00,-8.673535755996137908e+00,-3.680146384572601903e+00,8.635016273551059385e-01,4.091846396529700058e+00,6.518526571658540547e+00,8.371128321382503401e+00,8.897708266271916244e+00,7.655602637564743418e+01,3.705534338200232014e+02,2.040216217112501909e+02,-2.013052538689516950e+03,-3.083788130689226819e+03,-1.547563125234628387e+03,-7.211295773889469274e+01,6.182595166159426299e+02,8.538959058179061685e+02,7.800201328250623192e+02,7.066365871024354419e+02,4.209232092860215744e+02,-4.751946155899975111e+01,-1.298851908865694895e+02,-3.050823805095219541e+02,-8.651293903505411436e+02,-6.658449470281850608e+02,-2.776599777435903889e+02,-4.469216852697832110e+01,5.373757557498106507e+01,9.008647669620995657e+01,8.931322870957501436e+01,4.041080687050094866e+01
-1.021181303385807837e+01,-1.599159816067920303e+01,-2.525681340278822518e+01,-5.938499432034871006e+01,-6.813886263541749599e+01,-5.133832186725140900e+01,-2.511681737507208823e+01,-2.753755893661661958e+00,1.548639839635833937e+01,3.655631756568840274e+01,5.740605935699923634e+01,5.751788813102422182e+01,-2.261177057736160734e+00,-3.629312026155268711e+00,-5.269149247321195162e+00,-1.202362980016305016e+01,-1.072000852582239006e+01,-8.057237534771640952e+00,-3.792747642153482701e+00,-1.449408739680908553e+00,1.320215380915037429e+00,4.706915170465563847e+00,6.699082572962915094e+00,8.784824091817142744e+00,-3.158804636838203805e+02,-1.134278095893443606e+03,-2.060230218667547888e+03,-4.702420551223833172e+03,-3.857132159057066019e+03,-2.139535887061651010e+03,-1.079977144737908020e+03,-7.746585237551462342e+02,-4.627649216251757025e+02,-2.907994174579980609e+02,-2.503197218350896947e+02,-1.292785455204275422e+02,-1.337290535507487448e+02,-3.418452251018179595e+02,-5.669875992956744994e+02,-1.089353073394065177e+03,-6.751758201138993627e+02,-2.840468389108716565e+02,-1.150680876465570464e+02,-8.117906490534119257e+01,-4.597890859466087932e+01,1.122171588761943894e+01,1.072041378693833735e+01
1.851295360913056243e+00,9.614995021854610968e-01,1.335932892571690900e+00,1.226242893809512680e-01,-6.883097764044123323e+00,-8.938420872979804699e+00,7.102737193730774834e+00,2.652002810614851569e+01,4.638659986400355706e+01,6.806294589039083576e+01,8.297609213701471731e+01,6.262593365183090555e+01,1.750740532902597124e-01,1.328094697727060236e-01,-1.211433116091775730e-01,-1.004993913978651676e+00,-1.203414857339019761e+00,-2.720802376020401425e-01,1.431660167718540322e+00,3.970559775301200744e+00,6.145752677764097172e+00,8.971979829226349068e+00,9.650276948389929998e+00,9.556470279697812487e+00,1.339434226009043414e+02,3.815673346251114708e+02,4.711428612564886862e+02,7.851323136102873832e+02,9.319619208100630203e+02,1.239038116391802760e+03,1.484645243107961505e+03,1.933624450190673087e+03,1.875021799434152854e+03,1.530666376419871085e+03,1.227292228741639519e+03,5.806684325556466320e+02,1.100808792604436803e+01,3.729631194861894983e+00,-5.494092201927151109e+01,-1.435596453452353671e+02,1.889337428447561251e+00,1.142176362131524456e+02,1.630262341617167294e+02,2.127174276206610557e+02,1.963059770888482944e+02,1.324830685416238794e+02,5.528942222312343802e+01
2.712057330517311016e+00,4.127966546257539449e+00,3.526305212231847008e+00,-1.100724415982335813e+01,-3.085928908151507244e+01,-2.885580335329757418e+01,-1.114737337228601177e+01,4.167747369969760030e+00,2.259949955348753292e+01,4.589783938402561603e+01,6.765219491971248544e+01,6.058938723485965738e+01,-5.822804934761531825e-01,-8.422089918149104903e-01,-1.679686649934740927e+00,-5.302157122764874941e+00,-5.930241426744117916e+00,-5.324494622561296353e+00,-2.392342329201785134e+00,3.973841811601417362e-01,2.996147816280771536e+00,5.831241596833624641e+00,8.456083720892777933e+00,9.324321108031607963e+00,1.717658054447720133e+02,6.452597768059204100e+02,9.090512948399300512e+02,7.184049697421432938e+02,-3.590512611739322892e+02,-1.761307739877556742e+02,2.382677587068828871e+02,5.543512869741134637e+02,7.409513884776151826e+02,7.284203947714049718e+02,6.757143609329787068e+02,3.949263820212104292e+02,-1.991984721429162164e+01,-5.543818229765793149e+01,-1.359455945938093464e+02,-3.782858630803602864e+02,-2.678345120375365696e+02,-8.202946461210194684e+01,1.465337192237211639e+01,5.620654185415628490e+01,7.526868180389010377e+01,8.587444191759016121e+01,4.413106426969886797e+01
-1.478371627056921511e+01,-2.255448460494038443e+01,-2.945089236420349721e+01,-4.592399918899849354e+01,-3.967968165690356841e+01,-3.927588323900042155e+01,-2.929761886866137388e+01,-1.260691460909421835e+01,3.881236852737373511e+00,2.350128670774810757e+01,3.909462592788986512e+01,3.818616232119939014e+01,-2.170076545510754684e+00,-3.511032224686733372e+00,-4.815770647504074020e+00,-9.137593555131545031e+00,-6.488176971005710669e+00,-6.223010641116726305e+00,-4.335851486197999094e+00,-2.730273066834143947e+00,-9.556631664025871942e-03,3.345282052398296457e+00,4.994294054401176908e+00,6.108394783157347518e+00,-4.441386793550636867e+02,-1.424491045767561445e+03,-1.965797606526519303e+03,-2.429559995661518769e+03,-1.005240545840897539e+03,-9.088028765519884473e+02,-9.175842304095021973e+02,-7.631655342791145813e+02,-4.153785900787606806e+02,-1.742879934299899105e+02,-1.016139540405501975e+02,-6.135698788700528894e+01,-1.264617327373970284e+02,-3.232074748230868408e+02,-4.888779558298178927e+02,-7.405134889332875900e+02,-3.280572730977801257e+02,-1.638925548126676404e+02,-1.185426660160983374e+02,-9.604849824659913793e+01,-4.902604144457052371e+01,2.249869103767935030e+01,1.503642184096224810e+01
-4.933172928690609638e+00,-8.684387123758227744e+00,-1.341940398536567614e+01,-2.806217408578584127e+01,-3.424087230904635248e+01,-2.836793035011555730e+01,-1.251840826419061159e+01,7.507502853902678908e-01,1.902082928009875218e+01,4.136501977726288715e+01,6.434569747068985635e+01,5.782563095061075842e+01,-1.389602834282023025e+00,-1.564490667581317496e+00,-2.645931098800701875e+00,-6.628155844602112268e+00,-5.440688800401989766e+00,-4.181399226453553553e+00,-1.744290333278350147e+00,4.424416943159492632e-01,2.732418738858640950e+00,5.811437090923984528e+00,7.648649261907262797e+00,8.630982104756959927e+00,-1.143743870362700363e+02,-3.045075895810132351e+02,-4.082117051980603719e+02,-8.289169874306026031e+02,-7.290382286350068171e+02,-2.317081632451190671e+02,2.068102408923587063e+02,6.015833834090408345e+02,8.942237081340081204e+02,8.984397085669279477e+02,7.938709422578758677e+02,4.131451787596220129e+02,-6.653520084825152026e+01,-1.630085165199398034e+02,-2.547459629356894766e+02,-4.614358723462191847e+02,-2.567210504711629255e+02,-6.192048637065977346e+01,3.834162204331323665e+01,9.083689713276839939e+01,1.124510796901947742e+02,1.080863145257809492e+02,5.016192183262893423e+01
-4.245783289791376092e+00,-7.171279735091886209e+00,-1.019901779626638927e+01,-2.262237654924371100e+01,-3.003871140379186500e+01,-2.509175685988398641e+01,-1.004221139679330577e+01,6.415700542344893620e+00,2.754099940300446292e+01,5.431749073138684025e+01,7.582206490066354831e+01,6.334544782474452518e+01,-1.633098539214199008e+00,-2.275713313133362448e+00,-3.295197234233832262e+00,-8.410873038260888279e+00,-7.287446092352261928e+00,-5.771661466327032031e+00,-2.987780715690735889e+00,-8.558593523266821990e-02,2.846655306876208158e+00,6.353381480905152756e+00,8.812759186715364734e+00,9.374427256231577132e+00,-6.603885218986397376e+01,-3.016520766474968696e+01,1.356055054433236364e+02,1.746819408481896971e+02,-8.081120913713311893e+01,1.212798384323978098e+02,3.501586735939908976e+02,6.694988955442404404e+02,9.319227811777418538e+02,9.633409821988589101e+02,9.820569498990253123e+02,6.178860377170599349e+02,-9.031597487402768820e+01,-2.383735721288189779e+02,-3.994143163313779041e+02,-7.337962142176179441e+02,-3.973381038288516720e+02,-1.305531397735760493e+02,-1.287011881522471413e+01,5.408464121859310580e+01,9.773254589501448208e+01,1.067056178681657457e+02,5.138054102016178604e+01
4.118852959648791057e+00,6.290505513872943766e+00,9.256956126117842132e+00,1.116208659844647855e+01,-2.060924035583241221e+00,-1.170103275686386723e+01,-7.780484660798322238e+00,-4.862970429499569036e-01,1.771457117986651042e+01,4.030053817449811504e+01,6.015023345369894514e+01,5.697005005886688878e+01,-4.434234091957076629e-01,-7.745427382535652328e-01,-1.126514788349773255e+00,-2.912316891598997870e+00,-3.137384713878731191e+00,-3.573331588323899410e+00,-1.925949153221200305e+00,-1.452881028709853695e-01,1.962958871903740743e+00,4.606454941355931254e+00,6.397388409327561476e+00,8.439775598843009874e+00,2.579228813342624562e+02,1.024167151858175203e+03,1.833932815375224891e+03,3.485590050558617804e+03,2.147782988377770380e+03,9.196365226584512129e+02,4.356576279411692667e+02,5.068379807096061995e+02,5.654893072817649227e+02,5.427004386583193991e+02,5.328988057568694785e+02,3.721762967854369890e+02,-6.639347080268066748e+00,-2.060502429872121866e+01,-6.016985361776596619e+01,-1.225406175950556644e+02,-1.776288547580406885e+01,2.991201649077265756e+01,3.675468563854951753e+01,5.702225422219339634e+01,6.594787481586831746e+01,7.460415530748764468e+01,3.930731844128132479e+01
-1.067136000496745396e+00,-1.114402919807588432e+00,-2.715777807997568516e+00,-1.244585806326608690e+01,-2.619953929447430596e+01,-2.374936121381372800e+01,-7.862953470210300111e+00,6.394208223855059714e+00,2.733583641280281995e+01,4.278563324633034881e+01,6.324200812152062667e+01,5.686635972409683859e+01,-1.394426866605389392e-01,-2.454339599823143203e-01,-2.514116830324759633e-01,-1.969667669594237225e+00,-3.091020682178765355e+00,-2.766822476799490005e+00,-1.292067136592905285e+00,1.800791879734802592e+00,3.747938968649194180e+00,6.163843905432347725e+00,7.542947986483053313e+00,9.198806270544888974e+00,9.331833598418461406e+01,3.751873704245936096e+02,4.375079509003771818e+02,4.392076849826116813e+01,-4.301932090287227766e+02,-1.181343692940226902e+02,2.113247043786668655e+02,5.491035023829990678e+02,7.295983497969336895e+02,6.239710267505179218e+02,4.071300280491659578e+02,1.019173189666803410e+02,1.312003442047216595e+01,3.491465035093392544e+01,1.756382445408235071e+00,-1.357482144155856076e+02,-1.069661957332759812e+02,1.043293665126884662e+01,6.814910565044601753e+01,9.335793274660204588e+01,9.308068871895238772e+01,7.008683335134344361e+01,2.703218858621329446e+01
